Target_Table_Name,Entity,Sub-Entity,Table Type,SCD Type,PK Only,FK Only,Constraints (BQ),Partition SQL (BQ Syntax),Require_Partition_Filter (Yes/No),Clustering SQL (BQ Syntax),Data Retention (Table/Partition Days),Target_Columns,Target_Column_Data_Type,New/Existing,Transformation_SQL,Source Table(s),Source_Column_Name,Source_Column_Data_Type,Source_Entity,Source_Sub-Entity,Source_Table Type,Source_SCD Type,Source_PK Only,Source_FK Only,Source_Constraints,Notes
DIM_DATE,REFERENCE,Time & Calendar,Reference Table,No SCD,DATE_KEY,N/A,NOT NULL (BQ non-enforced),N/A,No,CLUSTER BY date_key,0 (No Expiration),DATE_KEY,INTEGER,NEW,ETL GENERATED,N/A,N/A,N/A,REFERENCE,Time & Calendar,Reference Table,No SCD,DATE_KEY,-,N/A,Primary Key. Integer representation of date (YYYYMMDD).
DIM_DATE,REFERENCE,Time & Calendar,Reference Table,No SCD,DATE_KEY,N/A,NULL (BQ non-enforced),N/A,No,CLUSTER BY date_key,0 (No Expiration),full_date,DATE,NEW,ETL GENERATED,N/A,N/A,N/A,REFERENCE,Time & Calendar,Reference Table,No SCD,DATE_KEY,-,N/A,Standard DATE type.
DIM_DATE,REFERENCE,Time & Calendar,Reference Table,No SCD,DATE_KEY,N/A,NULL (BQ non-enforced),N/A,No,CLUSTER BY date_key,0 (No Expiration),day_of_week,STRING,NEW,ETL GENERATED,N/A,N/A,N/A,REFERENCE,Time & Calendar,Reference Table,No SCD,DATE_KEY,-,N/A,Day of the week name.
DIM_DATE,REFERENCE,Time & Calendar,Reference Table,No SCD,DATE_KEY,N/A,NULL (BQ non-enforced),N/A,No,CLUSTER BY date_key,0 (No Expiration),month_name,STRING,NEW,ETL GENERATED,N/A,N/A,N/A,REFERENCE,Time & Calendar,Reference Table,No SCD,DATE_KEY,-,N/A,Month name.
DIM_DATE,REFERENCE,Time & Calendar,Reference Table,No SCD,DATE_KEY,N/A,NULL (BQ non-enforced),N/A,No,CLUSTER BY date_key,0 (No Expiration),calendar_year,INTEGER,NEW,ETL GENERATED,N/A,N/A,N/A,REFERENCE,Time & Calendar,Reference Table,No SCD,DATE_KEY,-,N/A,Calendar year.
DIM_TIME,REFERENCE,Time & Calendar,Reference Table,No SCD,TIME_KEY,N/A,NOT NULL (BQ non-enforced),N/A,No,CLUSTER BY time_key,0 (No Expiration),TIME_KEY,INTEGER,NEW,ETL GENERATED (15-min interval),N/A,N/A,N/A,REFERENCE,Time & Calendar,Reference Table,No SCD,TIME_KEY,-,N/A,Primary Key. Integer representation of time (HHMM).
DIM_TIME,REFERENCE,Time & Calendar,Reference Table,No SCD,TIME_KEY,N/A,NULL (BQ non-enforced),N/A,No,CLUSTER BY time_key,0 (No Expiration),time_of_day,TIME,NEW,ETL GENERATED,N/A,N/A,N/A,REFERENCE,Time & Calendar,Reference Table,No SCD,TIME_KEY,-,N/A,Standard TIME type.
DIM_TIME,REFERENCE,Time & Calendar,Reference Table,No SCD,TIME_KEY,N/A,NULL (BQ non-enforced),N/A,No,CLUSTER BY time_key,0 (No Expiration),hour_24,INTEGER,NEW,ETL GENERATED,N/A,N/A,N/A,REFERENCE,Time & Calendar,Reference Table,No SCD,TIME_KEY,-,N/A,Hour in 24-hour format.
DIM_TIME,REFERENCE,Time & Calendar,Reference Table,No SCD,TIME_KEY,N/A,NULL (BQ non-enforced),N/A,No,CLUSTER BY time_key,0 (No Expiration),minute_15_interval,INTEGER,NEW,ETL GENERATED,N/A,N/A,N/A,REFERENCE,Time & Calendar,Reference Table,No SCD,TIME_KEY,-,N/A,15-minute interval index.
DIM_ORGANIZATION,ORGANIZATION,Organization/Account Profile,Dimension,SCD Type 2,"org_sk, scd_start_date",N/A,NOT NULL (BQ non-enforced),"PARTITION BY RANGE_BUCKET(project_number, GENERATE_ARRAY(0, 1000000, 100000))",No,"CLUSTER BY project_id, project_name",0 (No Expiration),org_sk,STRING,NEW,TO_HEX(SHA256(project_profile_table.project_id)),Project_Profile_Table,project_id,VARCHAR2(255),ORGANIZATION,Organization/Account Profile,Master Table,SCD Type 2,project_id,-,N/A,Surrogate key for the organization/project.
DIM_ORGANIZATION,ORGANIZATION,Organization/Account Profile,Dimension,SCD Type 2,"org_sk, scd_start_date",N/A,NOT NULL (BQ non-enforced),"PARTITION BY RANGE_BUCKET(project_number, GENERATE_ARRAY(0, 1000000, 100000))",No,"CLUSTER BY project_id, project_name",0 (No Expiration),project_id,STRING,Existing,project_id,Project_Profile_Table,project_id,VARCHAR2(255),ORGANIZATION,Organization/Account Profile,Master Table,SCD Type 2,project_id,-,N/A,Natural Key for Project.
DIM_ORGANIZATION,ORGANIZATION,Organization/Account Profile,Dimension,SCD Type 2,"org_sk, scd_start_date",N/A,NOT NULL (BQ non-enforced),"PARTITION BY RANGE_BUCKET(project_number, GENERATE_ARRAY(0, 1000000, 100000))",No,"CLUSTER BY project_id, project_name",0 (No Expiration),project_number,INTEGER,Existing,project_number,Project_Profile_Table,project_number,NUMBER(20),ORGANIZATION,Organization/Account Profile,Master Table,SCD Type 2,project_id,-,N/A,Project number for clustering/partitioning. BQ uses INT64 for INTEGER.
DIM_ORGANIZATION,ORGANIZATION,Organization/Account Profile,Dimension,SCD Type 2,"org_sk, scd_start_date",N/A,NULL (BQ non-enforced),"PARTITION BY RANGE_BUCKET(project_number, GENERATE_ARRAY(0, 1000000, 100000))",No,"CLUSTER BY project_id, project_name",0 (No Expiration),project_name,STRING,Existing,project_name,Project_Profile_Table,project_name,VARCHAR2(255),ORGANIZATION,Organization/Account Profile,Master Table,SCD Type 2,project_id,-,N/A,Name of the project.
DIM_ORGANIZATION,ORGANIZATION,Organization/Account Profile,Dimension,SCD Type 2,"org_sk, scd_start_date",N/A,NOT NULL (BQ non-enforced),"PARTITION BY RANGE_BUCKET(project_number, GENERATE_ARRAY(0, 1000000, 100000))",No,"CLUSTER BY project_id, project_name",0 (No Expiration),billing_account_id,STRING,Existing,billing_account_id,Project_Profile_Table,billing_account_id,VARCHAR2(255),ORGANIZATION,Organization/Account Profile,Master Table,SCD Type 2,project_id,-,N/A,Billing account associated with the project.
DIM_ORGANIZATION,ORGANIZATION,Organization/Account Profile,Dimension,SCD Type 2,"org_sk, scd_start_date",N/A,NULL (BQ non-enforced),"PARTITION BY RANGE_BUCKET(project_number, GENERATE_ARRAY(0, 1000000, 100000))",No,"CLUSTER BY project_id, project_name",0 (No Expiration),ancestry_numbers,STRING,Existing,ancestry_numbers,Project_Profile_Table,ancestry_numbers,VARCHAR2(512),ORGANIZATION,Organization/Account Profile,Master Table,SCD Type 2,project_id,-,N/A,Delimited string of ancestor folder IDs.
DIM_ORGANIZATION,ORGANIZATION,Organization/Account Profile,Dimension,SCD Type 2,"org_sk, scd_start_date",N/A,NOT NULL (BQ non-enforced),"PARTITION BY RANGE_BUCKET(project_number, GENERATE_ARRAY(0, 1000000, 100000))",No,"CLUSTER BY project_id, project_name",0 (No Expiration),scd_start_date,TIMESTAMP,NEW,CURRENT_TIMESTAMP(),N/A,N/A,N/A,N/A,N/A,N/A,N/A,N/A,N/A,N/A,SCD Type 2 Tracking: Effective start date of the record.
DIM_ORGANIZATION,ORGANIZATION,Organization/Account Profile,Dimension,SCD Type 2,"org_sk, scd_start_date",N/A,NOT NULL (BQ non-enforced),"PARTITION BY RANGE_BUCKET(project_number, GENERATE_ARRAY(0, 1000000, 100000))",No,"CLUSTER BY project_id, project_name",0 (No Expiration),scd_end_date,TIMESTAMP,NEW,'9999-12-31',N/A,N/A,N/A,N/A,N/A,N/A,N/A,N/A,N/A,N/A,SCD Type 2 Tracking: Effective end date of the record.
DIM_ORGANIZATION,ORGANIZATION,Organization/Account Profile,Dimension,SCD Type 2,"org_sk, scd_start_date",N/A,NOT NULL (BQ non-enforced),"PARTITION BY RANGE_BUCKET(project_number, GENERATE_ARRAY(0, 1000000, 100000))",No,"CLUSTER BY project_id, project_name",0 (No Expiration),scd_current_flag,STRING,NEW,'Y',N/A,N/A,N/A,N/A,N/A,N/A,N/A,N/A,N/A,N/A,SCD Type 2 Tracking: Flag for the currently active record ('Y'/'N').
DIM_ORGANIZATION_HIERARCHY,ORGANIZATION,Organizational Hierarchy,Master Table,SCD Type 2,"org_hierarchy_key, scd_start_date",dim_organization.org_sk (BQ non-enforced),NOT NULL (BQ non-enforced),PARTITION BY DATE(scd_start_date),No,"CLUSTER BY project_id, ancestor_resource_name",0 (No Expiration),org_hierarchy_key,STRING,NEW,"TO_HEX(SHA256(project_ancestor_node_table.project_id, project_ancestor_node_table.ancestor_resource_name, project_ancestor_node_table.ancestor_display_name))",Project_Ancestor_Node_Table,N/A,N/A,ORGANIZATION,Organizational Hierarchy,Data Table,SCD Type 2,project_ancestor_sk,project_id,N/A,Surrogate key for the flattened organization hierarchy.
DIM_ORGANIZATION_HIERARCHY,ORGANIZATION,Organizational Hierarchy,Master Table,SCD Type 2,"org_hierarchy_key, scd_start_date",N/A,NOT NULL (BQ non-enforced),PARTITION BY DATE(scd_start_date),No,"CLUSTER BY project_id, ancestor_resource_name",0 (No Expiration),org_sk,STRING,NEW,TO_HEX(SHA256(project_ancestor_node_table.project_id)),Project_Ancestor_Node_Table,project_id,VARCHAR2(255),ORGANIZATION,Organizational Hierarchy,Data Table,SCD Type 2,project_ancestor_sk,project_id,N/A,Foreign Key to DIM_ORGANIZATION (Derived from project_id).
DIM_ORGANIZATION_HIERARCHY,ORGANIZATION,Organizational Hierarchy,Master Table,SCD Type 2,"org_hierarchy_key, scd_start_date",N/A,NOT NULL (BQ non-enforced),PARTITION BY DATE(scd_start_date),No,"CLUSTER BY project_id, ancestor_resource_name",0 (No Expiration),project_id,STRING,Existing,project_id,Project_Ancestor_Node_Table,project_id,VARCHAR2(255),ORGANIZATION,Organizational Hierarchy,Data Table,SCD Type 2,project_ancestor_sk,project_id,N/A,Natural Key to relate to project.
DIM_ORGANIZATION_HIERARCHY,ORGANIZATION,Organizational Hierarchy,Master Table,SCD Type 2,"org_hierarchy_key, scd_start_date",N/A,NULL (BQ non-enforced),PARTITION BY DATE(scd_start_date),No,"CLUSTER BY project_id, ancestor_resource_name",0 (No Expiration),ancestor_resource_name,STRING,Existing,ancestor_resource_name,Project_Ancestor_Node_Table,ancestor_resource_name,VARCHAR2(255),ORGANIZATION,Organizational Hierarchy,Data Table,SCD Type 2,project_ancestor_sk,project_id,N/A,"e.g., folders/12345."
DIM_ORGANIZATION_HIERARCHY,ORGANIZATION,Organizational Hierarchy,Master Table,SCD Type 2,"org_hierarchy_key, scd_start_date",N/A,NULL (BQ non-enforced),PARTITION BY DATE(scd_start_date),No,"CLUSTER BY project_id, ancestor_resource_name",0 (No Expiration),ancestor_display_name,STRING,Existing,ancestor_display_name,Project_Ancestor_Node_Table,ancestor_display_name,VARCHAR2(255),ORGANIZATION,Organizational Hierarchy,Data Table,SCD Type 2,project_ancestor_sk,project_id,N/A,"e.g., ""Production Folder""."
DIM_ORGANIZATION_HIERARCHY,ORGANIZATION,Organizational Hierarchy,Master Table,SCD Type 2,"org_hierarchy_key, scd_start_date",N/A,NOT NULL (BQ non-enforced),PARTITION BY DATE(scd_start_date),No,"CLUSTER BY project_id, ancestor_resource_name",0 (No Expiration),scd_start_date,TIMESTAMP,NEW,CURRENT_TIMESTAMP(),N/A,N/A,N/A,N/A,N/A,N/A,N/A,N/A,N/A,N/A,SCD Type 2 Tracking: Effective start date of the record.
DIM_ORGANIZATION_HIERARCHY,ORGANIZATION,Organizational Hierarchy,Master Table,SCD Type 2,"org_hierarchy_key, scd_start_date",N/A,NOT NULL (BQ non-enforced),PARTITION BY DATE(scd_start_date),No,"CLUSTER BY project_id, ancestor_resource_name",0 (No Expiration),scd_end_date,TIMESTAMP,NEW,'9999-12-31',N/A,N/A,N/A,N/A,N/A,N/A,N/A,N/A,N/A,N/A,SCD Type 2 Tracking: Effective end date of the record.
DIM_ORGANIZATION_HIERARCHY,ORGANIZATION,Organizational Hierarchy,Master Table,SCD Type 2,"org_hierarchy_key, scd_start_date",N/A,NOT NULL (BQ non-enforced),PARTITION BY DATE(scd_start_date),No,"CLUSTER BY project_id, ancestor_resource_name",0 (No Expiration),scd_current_flag,STRING,NEW,'Y',N/A,N/A,N/A,N/A,N/A,N/A,N/A,N/A,N/A,N/A,SCD Type 2 Tracking: Flag for the currently active record ('Y'/'N').
DIM_PRODUCT,PRODUCT,Product/Service Catalog,Dimension,SCD Type 2,"prod_sk, scd_start_date",N/A,NOT NULL (BQ non-enforced),PARTITION BY DATE(pricing_as_of_time),No,"CLUSTER BY service_id, sku_id",0 (No Expiration),prod_sk,STRING,NEW,TO_HEX(SHA256(service_sku_table.service_sku_id)),Service_SKU_Table,service_sku_id,VARCHAR2(255),PRODUCT,Product/Service Catalog,Master Table,SCD Type 2,service_sku_id,-,N/A,Surrogate key for the product/SKU.
DIM_PRODUCT,PRODUCT,Product/Service Catalog,Dimension,SCD Type 2,"prod_sk, scd_start_date",N/A,NOT NULL (BQ non-enforced),PARTITION BY DATE(pricing_as_of_time),No,"CLUSTER BY service_id, sku_id",0 (No Expiration),service_sku_id,STRING,Existing,service_sku_id,Service_SKU_Table,service_sku_id,VARCHAR2(255),PRODUCT,Product/Service Catalog,Master Table,SCD Type 2,service_sku_id,-,N/A,Natural Key for SKU.
DIM_PRODUCT,PRODUCT,Product/Service Catalog,Dimension,SCD Type 2,"prod_sk, scd_start_date",N/A,NOT NULL (BQ non-enforced),PARTITION BY DATE(pricing_as_of_time),No,"CLUSTER BY service_id, sku_id",0 (No Expiration),service_id,STRING,Existing,service_id,Service_SKU_Table,service_id,VARCHAR2(255),PRODUCT,Product/Service Catalog,Master Table,SCD Type 2,service_sku_id,-,N/A,Service ID.
DIM_PRODUCT,PRODUCT,Product/Service Catalog,Dimension,SCD Type 2,"prod_sk, scd_start_date",N/A,NULL (BQ non-enforced),PARTITION BY DATE(pricing_as_of_time),No,"CLUSTER BY service_id, sku_id",0 (No Expiration),service_description,STRING,Existing,service_description,Service_SKU_Table,service_description,VARCHAR2(1024),PRODUCT,Product/Service Catalog,Master Table,SCD Type 2,service_sku_id,-,N/A,Description of the service.
DIM_PRODUCT,PRODUCT,Product/Service Catalog,Dimension,SCD Type 2,"prod_sk, scd_start_date",N/A,NOT NULL (BQ non-enforced),PARTITION BY DATE(pricing_as_of_time),No,"CLUSTER BY service_id, sku_id",0 (No Expiration),sku_id,STRING,Existing,sku_id,Service_SKU_Table,sku_id,VARCHAR2(255),PRODUCT,Product/Service Catalog,Master Table,SCD Type 2,service_sku_id,-,N/A,SKU ID.
DIM_PRODUCT,PRODUCT,Product/Service Catalog,Dimension,SCD Type 2,"prod_sk, scd_start_date",N/A,NULL (BQ non-enforced),PARTITION BY DATE(pricing_as_of_time),No,"CLUSTER BY service_id, sku_id",0 (No Expiration),sku_description,STRING,Existing,sku_description,Service_SKU_Table,sku_description,VARCHAR2(1024),PRODUCT,Product/Service Catalog,Master Table,SCD Type 2,service_sku_id,-,N/A,Description of the SKU.
DIM_PRODUCT,PRODUCT,Product/Service Catalog,Dimension,SCD Type 2,"prod_sk, scd_start_date",N/A,NOT NULL (BQ non-enforced),PARTITION BY DATE(pricing_as_of_time),No,"CLUSTER BY service_id, sku_id",0 (No Expiration),product_taxonomy_level,STRING,NEW,product_taxonomy_table.product_taxonomy_level,Product_Taxonomy_Table,product_taxonomy_level,VARCHAR2(50),PRODUCT,Product/Service Catalog,Data Table,No SCD,product_taxonomy_id,service_sku_id,N/A,Product classification level (Flattened).
DIM_PRODUCT,PRODUCT,Product/Service Catalog,Dimension,SCD Type 2,"prod_sk, scd_start_date",N/A,NULL (BQ non-enforced),PARTITION BY DATE(pricing_as_of_time),No,"CLUSTER BY service_id, sku_id",0 (No Expiration),product_taxonomy_value,STRING,NEW,product_taxonomy_table.product_taxonomy_value,Product_Taxonomy_Table,product_taxonomy_value,VARCHAR2(255),PRODUCT,Product/Service Catalog,Data Table,No SCD,product_taxonomy_id,service_sku_id,N/A,Product classification value (Flattened).
DIM_PRODUCT,PRODUCT,Product/Service Catalog,Dimension,SCD Type 2,"prod_sk, scd_start_date",N/A,NOT NULL (BQ non-enforced),PARTITION BY DATE(pricing_as_of_time),No,"CLUSTER BY service_id, sku_id",0 (No Expiration),pricing_as_of_time,TIMESTAMP,Existing,pricing_as_of_time,Service_SKU_Table,pricing_as_of_time,TIMESTAMP,PRODUCT,Product/Service Catalog,Master Table,SCD Type 2,service_sku_id,-,N/A,Time the pricing was effective (for partitioning).
DIM_PRODUCT,PRODUCT,Product/Service Catalog,Dimension,SCD Type 2,"prod_sk, scd_start_date",N/A,NOT NULL (BQ non-enforced),PARTITION BY DATE(pricing_as_of_time),No,"CLUSTER BY service_id, sku_id",0 (No Expiration),scd_start_date,TIMESTAMP,NEW,CURRENT_TIMESTAMP(),N/A,N/A,N/A,N/A,N/A,N/A,N/A,N/A,N/A,N/A,SCD Type 2 Tracking: Effective start date of the record.
DIM_PRODUCT,PRODUCT,Product/Service Catalog,Dimension,SCD Type 2,"prod_sk, scd_start_date",N/A,NOT NULL (BQ non-enforced),PARTITION BY DATE(pricing_as_of_time),No,"CLUSTER BY service_id, sku_id",0 (No Expiration),scd_end_date,TIMESTAMP,NEW,'9999-12-31',N/A,N/A,N/A,N/A,N/A,N/A,N/A,N/A,N/A,N/A,SCD Type 2 Tracking: Effective end date of the record.
DIM_PRODUCT,PRODUCT,Product/Service Catalog,Dimension,SCD Type 2,"prod_sk, scd_start_date",N/A,NOT NULL (BQ non-enforced),PARTITION BY DATE(pricing_as_of_time),No,"CLUSTER BY service_id, sku_id",0 (No Expiration),scd_current_flag,STRING,NEW,'Y',N/A,N/A,N/A,N/A,N/A,N/A,N/A,N/A,N/A,N/A,SCD Type 2 Tracking: Flag for the currently active record ('Y'/'N').
DIM_RESOURCE,RESOURCE,Resource/Asset Inventory,Dimension,SCD Type 2,"resource_sk, scd_start_date",dim_organization.org_sk (BQ non-enforced),NOT NULL (BQ non-enforced),PARTITION BY DATE(scd_start_date),No,"CLUSTER BY project_id, region",0 (No Expiration),resource_sk,STRING,NEW,TO_HEX(SHA256(resource_inventory_table.resource_id)),Resource_Inventory_Table,resource_id,VARCHAR2(255),RESOURCE,Resource/Asset Inventory,Master Table,SCD Type 2,resource_id,-,N/A,Surrogate key for the resource.
DIM_RESOURCE,RESOURCE,Resource/Asset Inventory,Dimension,SCD Type 2,"resource_sk, scd_start_date",N/A,NOT NULL (BQ non-enforced),PARTITION BY DATE(scd_start_date),No,"CLUSTER BY project_id, region",0 (No Expiration),resource_id,STRING,Existing,resource_id,Resource_Inventory_Table,resource_id,VARCHAR2(255),RESOURCE,Resource/Asset Inventory,Master Table,SCD Type 2,resource_id,-,N/A,Natural Key for Resource.
DIM_RESOURCE,RESOURCE,Resource/Asset Inventory,Dimension,SCD Type 2,"resource_sk, scd_start_date",N/A,NULL (BQ non-enforced),PARTITION BY DATE(scd_start_date),No,"CLUSTER BY project_id, region",0 (No Expiration),resource_name,STRING,Existing,resource_name,Resource_Inventory_Table,resource_name,VARCHAR2(255),RESOURCE,Resource/Asset Inventory,Master Table,SCD Type 2,resource_id,-,N/A,Short name of the resource.
DIM_RESOURCE,RESOURCE,Resource/Asset Inventory,Dimension,SCD Type 2,"resource_sk, scd_start_date",N/A,NULL (BQ non-enforced),PARTITION BY DATE(scd_start_date),No,"CLUSTER BY project_id, region",0 (No Expiration),resource_global_name,STRING,Existing,resource_global_name,Resource_Inventory_Table,resource_global_name,VARCHAR2(512),RESOURCE,Resource/Asset Inventory,Master Table,SCD Type 2,resource_id,-,N/A,Global name/URN of the resource.
DIM_RESOURCE,RESOURCE,Resource/Asset Inventory,Dimension,SCD Type 2,"resource_sk, scd_start_date",dim_organization.org_sk = dim_resource.org_sk (BQ non-enforced),NOT NULL (BQ non-enforced),PARTITION BY DATE(scd_start_date),No,"CLUSTER BY project_id, region",0 (No Expiration),project_id,STRING,Existing,project_id,Resource_Inventory_Table,project_id,VARCHAR2(255),RESOURCE,Resource/Asset Inventory,Master Table,SCD Type 2,resource_id,-,N/A,Foreign Key to DIM_ORGANIZATION (Natural Key).
DIM_RESOURCE,RESOURCE,Resource/Asset Inventory,Dimension,SCD Type 2,"resource_sk, scd_start_date",N/A,NULL (BQ non-enforced),PARTITION BY DATE(scd_start_date),No,"CLUSTER BY project_id, region",0 (No Expiration),location,STRING,Existing,location,Resource_Inventory_Table,location,VARCHAR2(100),RESOURCE,Resource/Asset Inventory,Master Table,SCD Type 2,resource_id,-,N/A,Location (Region or Zone).
DIM_RESOURCE,RESOURCE,Resource/Asset Inventory,Dimension,SCD Type 2,"resource_sk, scd_start_date",N/A,NULL (BQ non-enforced),PARTITION BY DATE(scd_start_date),No,"CLUSTER BY project_id, region",0 (No Expiration),region,STRING,Existing,region,Resource_Inventory_Table,region,VARCHAR2(100),RESOURCE,Resource/Asset Inventory,Master Table,SCD Type 2,resource_id,-,N/A,Region of the resource.
DIM_RESOURCE,RESOURCE,Resource/Asset Inventory,Dimension,SCD Type 2,"resource_sk, scd_start_date",N/A,NULL (BQ non-enforced),PARTITION BY DATE(scd_start_date),No,"CLUSTER BY project_id, region",0 (No Expiration),zone,STRING,Existing,zone,Resource_Inventory_Table,zone,VARCHAR2(100),RESOURCE,Resource/Asset Inventory,Master Table,SCD Type 2,resource_id,-,N/A,Zone of the resource.
DIM_RESOURCE,RESOURCE,Resource/Asset Inventory,Dimension,SCD Type 2,"resource_sk, scd_start_date",N/A,NULL (BQ non-enforced),PARTITION BY DATE(scd_start_date),No,"CLUSTER BY project_id, region",0 (No Expiration),country,STRING,Existing,country,Resource_Inventory_Table,country,VARCHAR2(100),RESOURCE,Resource/Asset Inventory,Master Table,SCD Type 2,resource_id,-,N/A,Country of the resource.
DIM_RESOURCE,RESOURCE,Resource/Asset Inventory,Dimension,SCD Type 2,"resource_sk, scd_start_date",N/A,NULL (BQ non-enforced),PARTITION BY DATE(scd_start_date),No,"CLUSTER BY project_id, region",0 (No Expiration),service_id,STRING,Existing,service_id,Resource_Inventory_Table,service_id,VARCHAR2(255),RESOURCE,Resource/Asset Inventory,Master Table,SCD Type 2,resource_id,-,N/A,Service ID.
DIM_RESOURCE,RESOURCE,Resource/Asset Inventory,Dimension,SCD Type 2,"resource_sk, scd_start_date",N/A,NULL (BQ non-enforced),PARTITION BY DATE(scd_start_date),No,"CLUSTER BY project_id, region",0 (No Expiration),resource_tag_key,STRING,NEW,resource_tag_table.tag_key,Resource_Tag_Table,tag_key,VARCHAR2(255),RESOURCE,Resource Tags/Labels,Data Table,No SCD,resource_tag_sk,resource_id,N/A,Flattened user-defined tag key.
DIM_RESOURCE,RESOURCE,Resource/Asset Inventory,Dimension,SCD Type 2,"resource_sk, scd_start_date",N/A,NULL (BQ non-enforced),PARTITION BY DATE(scd_start_date),No,"CLUSTER BY project_id, region",0 (No Expiration),resource_tag_value,STRING,NEW,resource_tag_table.tag_value,Resource_Tag_Table,tag_value,VARCHAR2(255),RESOURCE,Resource Tags/Labels,Data Table,No SCD,resource_tag_sk,resource_id,N/A,Flattened user-defined tag value.
DIM_RESOURCE,RESOURCE,Resource/Asset Inventory,Dimension,SCD Type 2,"resource_sk, scd_start_date",N/A,NULL (BQ non-enforced),PARTITION BY DATE(scd_start_date),No,"CLUSTER BY project_id, region",0 (No Expiration),resource_label_key,STRING,NEW,resource_label_table.label_key,Resource_Label_Table,label_key,VARCHAR2(255),RESOURCE,Resource Tags/Labels,Data Table,No SCD,resource_label_sk,resource_id,N/A,Flattened user-defined label key.
DIM_RESOURCE,RESOURCE,Resource/Asset Inventory,Dimension,SCD Type 2,"resource_sk, scd_start_date",N/A,NULL (BQ non-enforced),PARTITION BY DATE(scd_start_date),No,"CLUSTER BY project_id, region",0 (No Expiration),resource_label_value,STRING,NEW,resource_label_table.label_value,Resource_Label_Table,label_value,VARCHAR2(255),RESOURCE,Resource Tags/Labels,Data Table,No SCD,resource_label_sk,resource_id,N/A,Flattened user-defined label value.
DIM_RESOURCE,RESOURCE,Resource/Asset Inventory,Dimension,SCD Type 2,"resource_sk, scd_start_date",N/A,NOT NULL (BQ non-enforced),PARTITION BY DATE(scd_start_date),No,"CLUSTER BY project_id, region",0 (No Expiration),scd_start_date,TIMESTAMP,NEW,CURRENT_TIMESTAMP(),N/A,N/A,N/A,N/A,N/A,N/A,N/A,N/A,N/A,N/A,SCD Type 2 Tracking: Effective start date of the record.
DIM_RESOURCE,RESOURCE,Resource/Asset Inventory,Dimension,SCD Type 2,"resource_sk, scd_start_date",N/A,NOT NULL (BQ non-enforced),PARTITION BY DATE(scd_start_date),No,"CLUSTER BY project_id, region",0 (No Expiration),scd_end_date,TIMESTAMP,NEW,'9999-12-31',N/A,N/A,N/A,N/A,N/A,N/A,N/A,N/A,N/A,N/A,SCD Type 2 Tracking: Effective end date of the record.
DIM_RESOURCE,RESOURCE,Resource/Asset Inventory,Dimension,SCD Type 2,"resource_sk, scd_start_date",N/A,NOT NULL (BQ non-enforced),PARTITION BY DATE(scd_start_date),No,"CLUSTER BY project_id, region",0 (No Expiration),scd_current_flag,STRING,NEW,'Y',N/A,N/A,N/A,N/A,N/A,N/A,N/A,N/A,N/A,N/A,SCD Type 2 Tracking: Flag for the currently active record ('Y'/'N').
DIM_LOCATION,LOCATION,Geography & Zone,Dimension,SCD Type 1,location_key,N/A,NOT NULL (BQ non-enforced),N/A,No,"CLUSTER BY geo_type, regions",0 (No Expiration),location_key,STRING,NEW,TO_HEX(SHA256(geo_taxonomy_table.geo_taxonomy_id)),Geo_Taxonomy_Table,geo_taxonomy_id,VARCHAR2(255),LOCATION,Geography & Zone,Data Table,No SCD,geo_taxonomy_id,service_sku_id,N/A,Surrogate key for the location.
DIM_LOCATION,LOCATION,Geography & Zone,Dimension,SCD Type 1,location_key,N/A,NOT NULL (BQ non-enforced),N/A,No,"CLUSTER BY geo_type, regions",0 (No Expiration),geo_taxonomy_id,STRING,Existing,geo_taxonomy_id,Geo_Taxonomy_Table,geo_taxonomy_id,VARCHAR2(255),LOCATION,Geography & Zone,Data Table,No SCD,geo_taxonomy_id,service_sku_id,N/A,Natural Key from source.
DIM_LOCATION,LOCATION,Geography & Zone,Dimension,SCD Type 1,location_key,N/A,NOT NULL (BQ non-enforced),N/A,No,"CLUSTER BY geo_type, regions",0 (No Expiration),service_sku_id,STRING,Existing,service_sku_id,Geo_Taxonomy_Table,service_sku_id,VARCHAR2(255),LOCATION,Geography & Zone,Data Table,No SCD,geo_taxonomy_id,service_sku_id,N/A,SKU ID associated with the geo rule.
DIM_LOCATION,LOCATION,Geography & Zone,Dimension,SCD Type 1,location_key,N/A,NOT NULL (BQ non-enforced),N/A,No,"CLUSTER BY geo_type, regions",0 (No Expiration),geo_type,STRING,Existing,geo_type,Geo_Taxonomy_Table,geo_type,VARCHAR2(50),LOCATION,Geography & Zone,Data Table,No SCD,geo_taxonomy_id,service_sku_id,N/A,"Type of geographic area (e.g., Global, Region)."
DIM_LOCATION,LOCATION,Geography & Zone,Dimension,SCD Type 1,location_key,N/A,NULL (BQ non-enforced),N/A,No,"CLUSTER BY geo_type, regions",0 (No Expiration),regions,STRING,Existing,regions,Geo_Taxonomy_Table,regions,VARCHAR2(1024),LOCATION,Geography & Zone,Data Table,No SCD,geo_taxonomy_id,service_sku_id,N/A,Comma separated or single region.
DIM_PRICING,PRICING,Pricing Rule Header,Dimension,SCD Type 2,"pricing_sk, scd_start_date",N/A,NOT NULL (BQ non-enforced),PARTITION BY DATE(pricing_as_of_time),No,"CLUSTER BY billing_account_price_id, consumption_model_id",0 (No Expiration),pricing_sk,STRING,NEW,"TO_HEX(SHA256(consumption_model_rule_table.consumption_model_id_sk, account_sku_price_rule.billing_account_price_id))","Consumption_Model_Rule_Table, Account_SKU_Price_Rule",N/A,N/A,PRICING,Pricing Rule Header,Master Table,SCD Type 2,billing_account_price_id,-,N/A,Surrogate key for the pricing dimension.
DIM_PRICING,PRICING,Pricing Rule Header,Dimension,SCD Type 2,"pricing_sk, scd_start_date",N/A,NOT NULL (BQ non-enforced),PARTITION BY DATE(pricing_as_of_time),No,"CLUSTER BY billing_account_price_id, consumption_model_id",0 (No Expiration),consumption_model_id_sk,STRING,Existing,consumption_model_id_sk,Consumption_Model_Rule_Table,consumption_model_id_sk,VARCHAR2(255),PRICING,Contract/Discount Model,Master Table,SCD Type 2,Yes,-,N/A,Natural key for Consumption Model Rule.
DIM_PRICING,PRICING,Pricing Rule Header,Dimension,SCD Type 2,"pricing_sk, scd_start_date",N/A,NOT NULL (BQ non-enforced),PARTITION BY DATE(pricing_as_of_time),No,"CLUSTER BY billing_account_price_id, consumption_model_id",0 (No Expiration),billing_account_price_id,STRING,Existing,billing_account_price_id,Account_SKU_Price_Rule,billing_account_price_id,VARCHAR2(255),PRICING,Pricing Rule Header,Master Table,SCD Type 2,Yes,-,N/A,Natural key for Account SKU Price Rule.
DIM_PRICING,PRICING,Pricing Rule Header,Dimension,SCD Type 2,"pricing_sk, scd_start_date",N/A,NULL (BQ non-enforced),PARTITION BY DATE(pricing_as_of_time),No,"CLUSTER BY billing_account_price_id, consumption_model_id",0 (No Expiration),consumption_model_id,STRING,Existing,consumption_model_id,Consumption_Model_Rule_Table,consumption_model_id,VARCHAR2(255),PRICING,Contract/Discount Model,Master Table,SCD Type 2,Yes,-,N/A,Consumption Model ID.
DIM_PRICING,PRICING,Pricing Rule Header,Dimension,SCD Type 2,"pricing_sk, scd_start_date",N/A,NULL (BQ non-enforced),PARTITION BY DATE(pricing_as_of_time),No,"CLUSTER BY billing_account_price_id, consumption_model_id",0 (No Expiration),model_display_name,STRING,Existing,model_display_name,Consumption_Model_Rule_Table,model_display_name,VARCHAR2(255),PRICING,Contract/Discount Model,Master Table,SCD Type 2,Yes,-,N/A,Display name of the consumption model.
DIM_PRICING,PRICING,Pricing Rule Header,Dimension,SCD Type 2,"pricing_sk, scd_start_date",N/A,NULL (BQ non-enforced),PARTITION BY DATE(pricing_as_of_time),No,"CLUSTER BY billing_account_price_id, consumption_model_id",0 (No Expiration),model_description,STRING,Existing,model_description,Consumption_Model_Rule_Table,model_description,VARCHAR2(1024),PRICING,Contract/Discount Model,Master Table,SCD Type 2,Yes,-,N/A,Description of the consumption model.
DIM_PRICING,PRICING,Pricing Rule Header,Dimension,SCD Type 2,"pricing_sk, scd_start_date",N/A,NULL (BQ non-enforced),PARTITION BY DATE(pricing_as_of_time),No,"CLUSTER BY billing_account_price_id, consumption_model_id",0 (No Expiration),price_reason,STRING,Existing,price_reason,Consumption_Model_Rule_Table,price_reason,VARCHAR2(50),PRICING,Contract/Discount Model,Master Table,SCD Type 2,Yes,-,N/A,Reason for the price.
DIM_PRICING,PRICING,Pricing Rule Header,Dimension,SCD Type 2,"pricing_sk, scd_start_date",N/A,NULL (BQ non-enforced),PARTITION BY DATE(pricing_as_of_time),No,"CLUSTER BY billing_account_price_id, consumption_model_id",0 (No Expiration),discount_percent,BIGNUMERIC,Existing,consumption_model_rule_table.discount_percent,Consumption_Model_Rule_Table,discount_percent,"NUMBER(5,4)",PRICING,Contract/Discount Model,Master Table,SCD Type 2,Yes,-,N/A,Discount percentage from consumption model. BQ prefers BIGNUMERIC for high-precision decimal.
DIM_PRICING,PRICING,Pricing Rule Header,Dimension,SCD Type 2,"pricing_sk, scd_start_date",N/A,NULL (BQ non-enforced),PARTITION BY DATE(pricing_as_of_time),No,"CLUSTER BY billing_account_price_id, consumption_model_id",0 (No Expiration),account_currency_code,STRING,Existing,account_currency_code,Account_SKU_Price_Rule,account_currency_code,VARCHAR2(10),PRICING,Pricing Rule Header,Master Table,SCD Type 2,Yes,-,N/A,Account currency code.
DIM_PRICING,PRICING,Pricing Rule Header,Dimension,SCD Type 2,"pricing_sk, scd_start_date",N/A,NOT NULL (BQ non-enforced),PARTITION BY DATE(pricing_as_of_time),No,"CLUSTER BY billing_account_price_id, consumption_model_id",0 (No Expiration),pricing_as_of_time,TIMESTAMP,Existing,account_sku_price_rule.pricing_as_of_time,Account_SKU_Price_Rule,pricing_as_of_time,TIMESTAMP,PRICING,Pricing Rule Header,Master Table,SCD Type 2,Yes,-,N/A,Time when pricing rule was effective (for partitioning).
DIM_PRICING,PRICING,Pricing Rule Header,Dimension,SCD Type 2,"pricing_sk, scd_start_date",N/A,NOT NULL (BQ non-enforced),PARTITION BY DATE(pricing_as_of_time),No,"CLUSTER BY billing_account_price_id, consumption_model_id",0 (No Expiration),scd_start_date,TIMESTAMP,NEW,CURRENT_TIMESTAMP(),N/A,N/A,N/A,N/A,N/A,N/A,N/A,N/A,N/A,N/A,SCD Type 2 Tracking: Effective start date of the record.
DIM_PRICING,PRICING,Pricing Rule Header,Dimension,SCD Type 2,"pricing_sk, scd_start_date",N/A,NOT NULL (BQ non-enforced),PARTITION BY DATE(pricing_as_of_time),No,"CLUSTER BY billing_account_price_id, consumption_model_id",0 (No Expiration),scd_end_date,TIMESTAMP,NEW,'9999-12-31',N/A,N/A,N/A,N/A,N/A,N/A,N/A,N/A,N/A,N/A,SCD Type 2 Tracking: Effective end date of the record.
DIM_PRICING,PRICING,Pricing Rule Header,Dimension,SCD Type 2,"pricing_sk, scd_start_date",N/A,NOT NULL (BQ non-enforced),PARTITION BY DATE(pricing_as_of_time),No,"CLUSTER BY billing_account_price_id, consumption_model_id",0 (No Expiration),scd_current_flag,STRING,NEW,'Y',N/A,N/A,N/A,N/A,N/A,N/A,N/A,N/A,N/A,N/A,SCD Type 2 Tracking: Flag for the currently active record ('Y'/'N').
DIM_INVOICE,BILLING,Invoice Metadata,Reference Table,No SCD,invoice_sk,N/A,NOT NULL (BQ non-enforced),N/A,No,CLUSTER BY invoice_month,0 (No Expiration),invoice_sk,STRING,NEW,TO_HEX(SHA256(billing_transaction_ledger_table.invoice_month)),Billing_Transaction_Ledger_Table,invoice_month,VARCHAR2(6),COST/USAGE,Usage Line Item,Data Table,No SCD,billing_trans_ledger_sk,project_id,N/A,Surrogate key for the invoice month.
DIM_INVOICE,BILLING,Invoice Metadata,Reference Table,No SCD,invoice_sk,N/A,NOT NULL (BQ non-enforced),N/A,No,CLUSTER BY invoice_month,0 (No Expiration),invoice_month,STRING,Existing,invoice_month,Billing_Transaction_Ledger_Table,invoice_month,VARCHAR2(6),COST/USAGE,Usage Line Item,Data Table,No SCD,billing_trans_ledger_sk,project_id,N/A,Natural Key for the invoice (YYYYMM).
DIM_INVOICE,BILLING,Invoice Metadata,Reference Table,No SCD,invoice_sk,N/A,NULL (BQ non-enforced),N/A,No,CLUSTER BY invoice_month,0 (No Expiration),seller_name,STRING,NEW,MAX(seller_name) GROUP BY invoice_month,Billing_Transaction_Ledger_Table,seller_name,VARCHAR2(255),COST/USAGE,Usage Line Item,Data Table,No SCD,billing_trans_ledger_sk,project_id,N/A,Seller name from the first transaction in the month.
DIM_INVOICE,BILLING,Invoice Metadata,Reference Table,No SCD,invoice_sk,N/A,NOT NULL (BQ non-enforced),N/A,No,CLUSTER BY invoice_month,0 (No Expiration),currency,STRING,NEW,MAX(currency) GROUP BY invoice_month,Billing_Transaction_Ledger_Table,currency,VARCHAR2(10),COST/USAGE,Usage Line Item,Data Table,No SCD,billing_trans_ledger_sk,project_id,N/A,Currency of the billing account for the month.
FACT_DAILY_USAGE,COST/USAGE,Usage Line Item,Atomic Fact,No SCD,usage_sk,"dim_date.DATE_KEY, dim_time.TIME_KEY, dim_organization.org_sk, dim_product.prod_sk, dim_resource.resource_sk, dim_invoice.invoice_sk",NOT NULL (BQ non-enforced),PARTITION BY DATE(usage_start_time),Yes,"CLUSTER BY project_id, service_sku_id",1825 (5 Years),usage_sk,STRING,NEW,"TO_HEX(SHA256(billing_transaction_ledger_table.billing_trans_ledger_sk, billing_transaction_ledger_table.usage_start_time, billing_transaction_ledger_table.project_id, billing_transaction_ledger_table.service_sku_id))",Billing_Transaction_Ledger_Table,N/A,N/A,COST/USAGE,Usage Line Item,Data Table,No SCD,billing_trans_ledger_sk,project_id,N/A,Surrogate key for the atomic line item.
FACT_DAILY_USAGE,COST/USAGE,Usage Line Item,Atomic Fact,No SCD,usage_sk,dim_date.DATE_KEY = fact_daily_usage.date_key (BQ non-enforced),NOT NULL (BQ non-enforced),PARTITION BY DATE(usage_start_time),Yes,"CLUSTER BY project_id, service_sku_id",1825 (5 Years),date_key,INTEGER,NEW,"CAST(FORMAT_DATE('%Y%m%d', usage_start_time) AS INT64)",Billing_Transaction_Ledger_Table,usage_start_time,TIMESTAMP,COST/USAGE,Usage Line Item,Data Table,No SCD,billing_trans_ledger_sk,project_id,N/A,Foreign Key to DIM_DATE.
FACT_DAILY_USAGE,COST/USAGE,Usage Line Item,Atomic Fact,No SCD,usage_sk,dim_time.TIME_KEY = fact_daily_usage.time_key (BQ non-enforced),NOT NULL (BQ non-enforced),PARTITION BY DATE(usage_start_time),Yes,"CLUSTER BY project_id, service_sku_id",1825 (5 Years),time_key,INTEGER,NEW,"CAST(FORMAT_TIME('%H%M', usage_start_time) AS INT64)",Billing_Transaction_Ledger_Table,usage_start_time,TIMESTAMP,COST/USAGE,Usage Line Item,Data Table,No SCD,billing_trans_ledger_sk,project_id,N/A,Foreign Key to DIM_TIME.
FACT_DAILY_USAGE,COST/USAGE,Usage Line Item,Atomic Fact,No SCD,usage_sk,dim_organization.org_sk = fact_daily_usage.org_sk (BQ non-enforced),NOT NULL (BQ non-enforced),PARTITION BY DATE(usage_start_time),Yes,"CLUSTER BY project_id, service_sku_id",1825 (5 Years),org_sk,STRING,NEW,TO_HEX(SHA256(billing_transaction_ledger_table.project_id)),Billing_Transaction_Ledger_Table,project_id,VARCHAR2(255),COST/USAGE,Usage Line Item,Data Table,No SCD,billing_trans_ledger_sk,project_id,N/A,Foreign Key to DIM_ORGANIZATION.
FACT_DAILY_USAGE,COST/USAGE,Usage Line Item,Atomic Fact,No SCD,usage_sk,dim_product.prod_sk = fact_daily_usage.prod_sk (BQ non-enforced),NOT NULL (BQ non-enforced),PARTITION BY DATE(usage_start_time),Yes,"CLUSTER BY project_id, service_sku_id",1825 (5 Years),prod_sk,STRING,NEW,TO_HEX(SHA256(billing_transaction_ledger_table.service_sku_id)),Billing_Transaction_Ledger_Table,service_sku_id,VARCHAR2(255),COST/USAGE,Usage Line Item,Data Table,No SCD,billing_trans_ledger_sk,project_id,N/A,Foreign Key to DIM_PRODUCT.
FACT_DAILY_USAGE,COST/USAGE,Usage Line Item,Atomic Fact,No SCD,usage_sk,dim_resource.resource_sk = fact_daily_usage.resource_sk (BQ non-enforced),NULL (BQ non-enforced),PARTITION BY DATE(usage_start_time),Yes,"CLUSTER BY project_id, service_sku_id",1825 (5 Years),resource_sk,STRING,NEW,TO_HEX(SHA256(billing_transaction_ledger_table.resource_id)),Billing_Transaction_Ledger_Table,N/A,N/A,COST/USAGE,Usage Line Item,Data Table,No SCD,billing_trans_ledger_sk,project_id,N/A,Foreign Key to DIM_RESOURCE (Assumed join on resource_id).
FACT_DAILY_USAGE,COST/USAGE,Usage Line Item,Atomic Fact,No SCD,usage_sk,dim_invoice.invoice_sk = fact_daily_usage.invoice_sk (BQ non-enforced),NOT NULL (BQ non-enforced),PARTITION BY DATE(usage_start_time),Yes,"CLUSTER BY project_id, service_sku_id",1825 (5 Years),invoice_sk,STRING,NEW,TO_HEX(SHA256(billing_transaction_ledger_table.invoice_month)),Billing_Transaction_Ledger_Table,invoice_month,VARCHAR2(6),COST/USAGE,Usage Line Item,Data Table,No SCD,billing_trans_ledger_sk,project_id,N/A,Foreign Key to DIM_INVOICE.
FACT_DAILY_USAGE,COST/USAGE,Usage Line Item,Atomic Fact,No SCD,usage_sk,billing_trans_ledger_table.billing_account_price_id = fact_daily_usage.billing_account_price_id (BQ non-enforced),NULL (BQ non-enforced),PARTITION BY DATE(usage_start_time),Yes,"CLUSTER BY project_id, service_sku_id",1825 (5 Years),billing_account_price_id,STRING,Existing,billing_account_price_id,Billing_Transaction_Ledger_Table,billing_account_price_id,VARCHAR2(255),COST/USAGE,Usage Line Item,Data Table,No SCD,billing_trans_ledger_sk,project_id,N/A,Natural key to link to pricing details.
FACT_DAILY_USAGE,COST/USAGE,Usage Line Item,Atomic Fact,No SCD,usage_sk,N/A,NOT NULL (BQ non-enforced),PARTITION BY DATE(usage_start_time),Yes,"CLUSTER BY project_id, service_sku_id",1825 (5 Years),project_id,STRING,Existing,project_id,Billing_Transaction_Ledger_Table,project_id,VARCHAR2(255),COST/USAGE,Usage Line Item,Data Table,No SCD,billing_trans_ledger_sk,project_id,N/A,Natural Key for Project.
FACT_DAILY_USAGE,COST/USAGE,Usage Line Item,Atomic Fact,No SCD,usage_sk,N/A,NOT NULL (BQ non-enforced),PARTITION BY DATE(usage_start_time),Yes,"CLUSTER BY project_id, service_sku_id",1825 (5 Years),service_sku_id,STRING,Existing,service_sku_id,Billing_Transaction_Ledger_Table,service_sku_id,VARCHAR2(255),COST/USAGE,Usage Line Item,Data Table,No SCD,billing_trans_ledger_sk,project_id,N/A,Natural Key for SKU.
FACT_DAILY_USAGE,COST/USAGE,Usage Line Item,Atomic Fact,No SCD,usage_sk,N/A,NOT NULL (BQ non-enforced),PARTITION BY DATE(usage_start_time),Yes,"CLUSTER BY project_id, service_sku_id",1825 (5 Years),usage_start_time,TIMESTAMP,Existing,usage_start_time,Billing_Transaction_Ledger_Table,usage_start_time,TIMESTAMP,COST/USAGE,Usage Line Item,Data Table,No SCD,billing_trans_ledger_sk,project_id,N/A,Start time of usage.
FACT_DAILY_USAGE,COST/USAGE,Usage Line Item,Atomic Fact,No SCD,usage_sk,N/A,NULL (BQ non-enforced),PARTITION BY DATE(usage_start_time),Yes,"CLUSTER BY project_id, service_sku_id",1825 (5 Years),usage_end_time,TIMESTAMP,Existing,usage_end_time,Billing_Transaction_Ledger_Table,usage_end_time,TIMESTAMP,COST/USAGE,Usage Line Item,Data Table,No SCD,billing_trans_ledger_sk,project_id,N/A,End time of usage.
FACT_DAILY_USAGE,COST/USAGE,Usage Line Item,Atomic Fact,No SCD,usage_sk,N/A,NOT NULL (BQ non-enforced),PARTITION BY DATE(usage_start_time),Yes,"CLUSTER BY project_id, service_sku_id",1825 (5 Years),export_time,TIMESTAMP,Existing,export_time,Billing_Transaction_Ledger_Table,export_time,TIMESTAMP,COST/USAGE,Usage Line Item,Data Table,No SCD,billing_trans_ledger_sk,project_id,N/A,Time when the record was exported.
FACT_DAILY_USAGE,COST/USAGE,Usage Line Item,Atomic Fact,No SCD,usage_sk,N/A,NOT NULL (BQ non-enforced),PARTITION BY DATE(usage_start_time),Yes,"CLUSTER BY project_id, service_sku_id",1825 (5 Years),cost_type,STRING,Existing,cost_type,Billing_Transaction_Ledger_Table,cost_type,VARCHAR2(50),COST/USAGE,Usage Line Item,Data Table,No SCD,billing_trans_ledger_sk,project_id,N/A,"Type of cost (Regular, Tax, etc)."
FACT_DAILY_USAGE,COST/USAGE,Usage Line Item,Atomic Fact,No SCD,usage_sk,N/A,NOT NULL (BQ non-enforced),PARTITION BY DATE(usage_start_time),Yes,"CLUSTER BY project_id, service_sku_id",1825 (5 Years),transaction_type,STRING,Existing,transaction_type,Billing_Transaction_Ledger_Table,transaction_type,VARCHAR2(50),COST/USAGE,Usage Line Item,Data Table,No SCD,billing_trans_ledger_sk,project_id,N/A,"Type of transaction (Usage, Purchase)."
FACT_DAILY_USAGE,COST/USAGE,Usage Line Item,Atomic Fact,No SCD,usage_sk,N/A,NOT NULL (BQ non-enforced),PARTITION BY DATE(usage_start_time),Yes,"CLUSTER BY project_id, service_sku_id",1825 (5 Years),seller_name,STRING,Existing,seller_name,Billing_Transaction_Ledger_Table,seller_name,VARCHAR2(255),COST/USAGE,Usage Line Item,Data Table,No SCD,billing_trans_ledger_sk,project_id,N/A,Name of the seller/cloud provider.
FACT_DAILY_USAGE,COST/USAGE,Usage Line Item,Atomic Fact,No SCD,usage_sk,N/A,NOT NULL (BQ non-enforced),PARTITION BY DATE(usage_start_time),Yes,"CLUSTER BY project_id, service_sku_id",1825 (5 Years),invoice_month,STRING,Existing,invoice_month,Billing_Transaction_Ledger_Table,invoice_month,VARCHAR2(6),COST/USAGE,Usage Line Item,Data Table,No SCD,billing_trans_ledger_sk,project_id,N/A,Month of the invoice (YYYYMM).
FACT_DAILY_USAGE,COST/USAGE,Usage Line Item,Atomic Fact,No SCD,usage_sk,N/A,NOT NULL (BQ non-enforced),PARTITION BY DATE(usage_start_time),Yes,"CLUSTER BY project_id, service_sku_id",1825 (5 Years),currency,STRING,Existing,currency,Billing_Transaction_Ledger_Table,currency,VARCHAR2(10),COST/USAGE,Usage Line Item,Data Table,No SCD,billing_trans_ledger_sk,project_id,N/A,Transaction currency.
FACT_DAILY_USAGE,COST/USAGE,Usage Line Item,Atomic Fact,No SCD,usage_sk,N/A,NOT NULL (BQ non-enforced),PARTITION BY DATE(usage_start_time),Yes,"CLUSTER BY project_id, service_sku_id",1825 (5 Years),currency_conversion_rate,BIGNUMERIC,Existing,currency_conversion_rate,Billing_Transaction_Ledger_Table,currency_conversion_rate,"NUMBER(20,9)",COST/USAGE,Usage Line Item,Data Table,No SCD,billing_trans_ledger_sk,project_id,N/A,Conversion rate to USD/Account currency. BQ prefers BIGNUMERIC for high-precision decimal.
FACT_DAILY_USAGE,COST/USAGE,Usage Line Item,Atomic Fact,No SCD,usage_sk,N/A,NOT NULL (BQ non-enforced),PARTITION BY DATE(usage_start_time),Yes,"CLUSTER BY project_id, service_sku_id",1825 (5 Years),cost,BIGNUMERIC,Existing,cost,Billing_Transaction_Ledger_Table,cost,"NUMBER(20,6)",COST/USAGE,Usage Line Item,Data Table,No SCD,billing_trans_ledger_sk,project_id,N/A,Core cost measure (Net cost). BQ prefers BIGNUMERIC for high-precision decimal.
FACT_DAILY_USAGE,COST/USAGE,Usage Line Item,Atomic Fact,No SCD,usage_sk,N/A,NOT NULL (BQ non-enforced),PARTITION BY DATE(usage_start_time),Yes,"CLUSTER BY project_id, service_sku_id",1825 (5 Years),cost_at_list,BIGNUMERIC,Existing,cost_at_list,Billing_Transaction_Ledger_Table,cost_at_list,"NUMBER(20,6)",COST/USAGE,Usage Line Item,Data Table,No SCD,billing_trans_ledger_sk,project_id,N/A,Cost before discounts (List Price). BQ prefers BIGNUMERIC for high-precision decimal.
FACT_DAILY_USAGE,COST/USAGE,Usage Line Item,Atomic Fact,No SCD,usage_sk,N/A,NOT NULL (BQ non-enforced),PARTITION BY DATE(usage_start_time),Yes,"CLUSTER BY project_id, service_sku_id",1825 (5 Years),cost_effective_price,BIGNUMERIC,Existing,cost_effective_price,Billing_Transaction_Ledger_Table,cost_effective_price,"NUMBER(20,6)",COST/USAGE,Usage Line Item,Data Table,No SCD,billing_trans_ledger_sk,project_id,N/A,Rate applied to the usage. BQ prefers BIGNUMERIC for high-precision decimal.
FACT_DAILY_USAGE,COST/USAGE,Usage Line Item,Atomic Fact,No SCD,usage_sk,N/A,NOT NULL (BQ non-enforced),PARTITION BY DATE(usage_start_time),Yes,"CLUSTER BY project_id, service_sku_id",1825 (5 Years),usage_amount,BIGNUMERIC,Existing,usage_amount,Billing_Transaction_Ledger_Table,usage_amount,"NUMBER(20,6)",COST/USAGE,Usage Line Item,Data Table,No SCD,billing_trans_ledger_sk,project_id,N/A,Total usage for the line item. BQ prefers BIGNUMERIC for high-precision decimal.
FACT_DAILY_USAGE,COST/USAGE,Usage Line Item,Atomic Fact,No SCD,usage_sk,N/A,NOT NULL (BQ non-enforced),PARTITION BY DATE(usage_start_time),Yes,"CLUSTER BY project_id, service_sku_id",1825 (5 Years),usage_unit,STRING,Existing,usage_unit,Billing_Transaction_Ledger_Table,usage_unit,VARCHAR2(50),COST/USAGE,Usage Line Item,Data Table,No SCD,billing_trans_ledger_sk,project_id,N/A,"Unit of the usage (e.g., hours, GiB)."
FACT_DAILY_USAGE,COST/USAGE,Usage Line Item,Atomic Fact,No SCD,usage_sk,N/A,NOT NULL (BQ non-enforced),PARTITION BY DATE(usage_start_time),Yes,"CLUSTER BY project_id, service_sku_id",1825 (5 Years),usage_amt_in_pricing_units,BIGNUMERIC,Existing,usage_amt_in_pricing_units,Billing_Transaction_Ledger_Table,usage_amt_in_pricing_units,"NUMBER(20,6)",COST/USAGE,Usage Line Item,Data Table,No SCD,billing_trans_ledger_sk,project_id,N/A,Usage amount scaled to pricing units. BQ prefers BIGNUMERIC for high-precision decimal.
FACT_DAILY_USAGE,COST/USAGE,Usage Line Item,Atomic Fact,No SCD,usage_sk,N/A,NOT NULL (BQ non-enforced),PARTITION BY DATE(usage_start_time),Yes,"CLUSTER BY project_id, service_sku_id",1825 (5 Years),pricing_unit,STRING,Existing,pricing_unit,Billing_Transaction_Ledger_Table,pricing_unit,VARCHAR2(50),COST/USAGE,Usage Line Item,Data Table,No SCD,billing_trans_ledger_sk,project_id,N/A,The unit the price is based on.
FACT_DAILY_USAGE,COST/USAGE,Usage Line Item,Atomic Fact,No SCD,usage_sk,N/A,NULL (BQ non-enforced),PARTITION BY DATE(usage_start_time),Yes,"CLUSTER BY project_id, service_sku_id",1825 (5 Years),adjustment_id,STRING,Existing,adjustment_id,Billing_Transaction_Ledger_Table,adjustment_id,VARCHAR2(255),COST/USAGE,Usage Line Item,Data Table,No SCD,billing_trans_ledger_sk,project_id,N/A,ID for adjustments (if transaction_type is Adjustment).
FACT_DAILY_USAGE,COST/USAGE,Usage Line Item,Atomic Fact,No SCD,usage_sk,N/A,NULL (BQ non-enforced),PARTITION BY DATE(usage_start_time),Yes,"CLUSTER BY project_id, service_sku_id",1825 (5 Years),adjustment_description,STRING,Existing,adjustment_description,Billing_Transaction_Ledger_Table,adjustment_description,VARCHAR2(255),COST/USAGE,Usage Line Item,Data Table,No SCD,billing_trans_ledger_sk,project_id,N/A,Description for adjustments.
FACT_DAILY_USAGE,COST/USAGE,Usage Line Item,Atomic Fact,No SCD,usage_sk,N/A,NULL (BQ non-enforced),PARTITION BY DATE(usage_start_time),Yes,"CLUSTER BY project_id, service_sku_id",1825 (5 Years),adjustment_mode,STRING,Existing,adjustment_mode,Billing_Transaction_Ledger_Table,adjustment_mode,VARCHAR2(50),COST/USAGE,Usage Line Item,Data Table,No SCD,billing_trans_ledger_sk,project_id,N/A,Mode for adjustments.
FACT_DAILY_USAGE,COST/USAGE,Usage Line Item,Atomic Fact,No SCD,usage_sk,N/A,NULL (BQ non-enforced),PARTITION BY DATE(usage_start_time),Yes,"CLUSTER BY project_id, service_sku_id",1825 (5 Years),adjustment_type,STRING,Existing,adjustment_type,Billing_Transaction_Ledger_Table,adjustment_type,VARCHAR2(50),COST/USAGE,Usage Line Item,Data Table,No SCD,billing_trans_ledger_sk,project_id,N/A,Type for adjustments.
FACT_DAILY_USAGE,COST/USAGE,Usage Line Item,Atomic Fact,No SCD,usage_sk,N/A,NULL (BQ non-enforced),PARTITION BY DATE(usage_start_time),Yes,"CLUSTER BY project_id, service_sku_id",1825 (5 Years),total_credit_amount,BIGNUMERIC,NEW,SUM(transaction_credit_item_table.credit_amount) OVER (PARTITION BY billing_trans_ledger_sk),Transaction_Credit_Item_Table,credit_amount,"NUMBER(20,6)",COST/USAGE,Usage Line Item,Data Table,No SCD,trans_credit_item_sk,billing_trans_ledger_sk,N/A,Total credit applied to the usage line item (Aggregated Measure). BQ prefers BIGNUMERIC for high-precision decimal.
FACT_COMPLEX_PRICING,PRICING,Pricing Bridge,Bridge Table,No SCD,pricing_bridge_sk,"billing_account_price_id, account_price_tier_id, consumption_model_id_sk",NOT NULL (BQ non-enforced),PARTITION BY DATE(pricing_as_of_time),Yes,CLUSTER BY billing_account_price_id,3650 (10 Years),pricing_bridge_sk,STRING,NEW,"TO_HEX(SHA256(account_sku_price_rule.billing_account_price_id, account_price_tier_table.account_price_tier_id, consumption_model_rule_table.consumption_model_id_sk))","Account_SKU_Price_Rule, Account_Price_Tier_Table, Consumption_Model_Rule_Table",N/A,N/A,PRICING,Pricing Rule Header,Master Table,SCD Type 2,billing_account_price_id,-,N/A,Surrogate key for the M:M relationship bridge.
FACT_COMPLEX_PRICING,PRICING,Pricing Bridge,Bridge Table,No SCD,pricing_bridge_sk,account_sku_price_rule.billing_account_price_id = fact_complex_pricing.billing_account_price_id (BQ non-enforced),NOT NULL (BQ non-enforced),PARTITION BY DATE(pricing_as_of_time),Yes,CLUSTER BY billing_account_price_id,3650 (10 Years),billing_account_price_id,STRING,Existing,billing_account_price_id,Account_SKU_Price_Rule,billing_account_price_id,VARCHAR2(255),PRICING,Pricing Rule Header,Master Table,SCD Type 2,billing_account_price_id,-,N/A,Foreign Key to Account_SKU_Price_Rule (Pricing Header).
FACT_COMPLEX_PRICING,PRICING,Pricing Bridge,Bridge Table,No SCD,pricing_bridge_sk,account_price_tier_table.account_price_tier_id = fact_complex_pricing.account_price_tier_id (BQ non-enforced),NOT NULL (BQ non-enforced),PARTITION BY DATE(pricing_as_of_time),Yes,CLUSTER BY billing_account_price_id,3650 (10 Years),account_price_tier_id,STRING,Existing,account_price_tier_id,Account_Price_Tier_Table,account_price_tier_id,VARCHAR2(255),PRICING,Pricing Rule Header,Data Table,No SCD,account_price_tier_id,billing_account_price_id,N/A,Foreign Key to Account_Price_Tier_Table (Pricing Detail).
FACT_COMPLEX_PRICING,PRICING,Pricing Bridge,Bridge Table,No SCD,pricing_bridge_sk,consumption_model_rule_table.consumption_model_id_sk = fact_complex_pricing.consumption_model_id_sk (BQ non-enforced),NULL (BQ non-enforced),PARTITION BY DATE(pricing_as_of_time),Yes,CLUSTER BY billing_account_price_id,3650 (10 Years),consumption_model_id_sk,STRING,Existing,consumption_model_id_sk,Consumption_Model_Rule_Table,consumption_model_id_sk,VARCHAR2(255),PRICING,Contract/Discount Model,Data Table,SCD Type 2,consumption_model_id_sk,billing_account_price_id,N/A,Foreign Key to Consumption_Model_Rule_Table (Discount Detail).
FACT_COMPLEX_PRICING,PRICING,Pricing Bridge,Bridge Table,No SCD,pricing_bridge_sk,N/A,NOT NULL (BQ non-enforced),PARTITION BY DATE(pricing_as_of_time),Yes,CLUSTER BY billing_account_price_id,3650 (10 Years),pricing_as_of_time,TIMESTAMP,Existing,pricing_as_of_time,Account_SKU_Price_Rule,pricing_as_of_time,TIMESTAMP,PRICING,Pricing Rule Header,Master Table,SCD Type 2,billing_account_price_id,-,N/A,Time the price rule became effective (for partitioning).
FACT_COMPLEX_PRICING,PRICING,Pricing Bridge,Bridge Table,No SCD,pricing_bridge_sk,N/A,NOT NULL (BQ non-enforced),PARTITION BY DATE(pricing_as_of_time),Yes,CLUSTER BY billing_account_price_id,3650 (10 Years),account_currency_code,STRING,Existing,account_currency_code,Account_SKU_Price_Rule,account_currency_code,VARCHAR2(10),PRICING,Pricing Rule Header,Master Table,SCD Type 2,billing_account_price_id,-,N/A,Currency of the account price.
FACT_COMPLEX_PRICING,PRICING,Pricing Bridge,Bridge Table,No SCD,pricing_bridge_sk,N/A,NOT NULL (BQ non-enforced),PARTITION BY DATE(pricing_as_of_time),Yes,CLUSTER BY billing_account_price_id,3650 (10 Years),price_tier_start_usage_amount,BIGNUMERIC,NEW,account_price_tier_table.start_usage_amount,Account_Price_Tier_Table,start_usage_amount,"NUMBER(20,6)",PRICING,Pricing Rule Header,Data Table,No SCD,account_price_tier_id,billing_account_price_id,N/A,Start amount for the tiered price. BQ prefers BIGNUMERIC for high-precision decimal.
FACT_COMPLEX_PRICING,PRICING,Pricing Bridge,Bridge Table,No SCD,pricing_bridge_sk,N/A,NOT NULL (BQ non-enforced),PARTITION BY DATE(pricing_as_of_time),Yes,CLUSTER BY billing_account_price_id,3650 (10 Years),price_tier_usd_amount,BIGNUMERIC,NEW,account_price_tier_table.usd_amount,Account_Price_Tier_Table,usd_amount,"NUMBER(20,6)",PRICING,Pricing Rule Header,Data Table,No SCD,account_price_tier_id,billing_account_price_id,N/A,Price per unit in USD for the tier. BQ prefers BIGNUMERIC for high-precision decimal.
FACT_COMPLEX_PRICING,PRICING,Pricing Bridge,Bridge Table,No SCD,pricing_bridge_sk,N/A,NOT NULL (BQ non-enforced),PARTITION BY DATE(pricing_as_of_time),Yes,CLUSTER BY billing_account_price_id,3650 (10 Years),consumption_model_discount_percent,BIGNUMERIC,NEW,consumption_model_rule_table.discount_percent,Consumption_Model_Rule_Table,discount_percent,"NUMBER(5,4)",PRICING,Contract/Discount Model,Data Table,SCD Type 2,consumption_model_id_sk,billing_account_price_id,N/A,Discount percentage from the consumption model. BQ prefers BIGNUMERIC for high-precision decimal.
FACT_MONTHLY_AGGREGATE,COST/USAGE,Usage Aggregates,Aggregate Fact,No SCD,"date_key, org_sk, prod_sk","dim_date.DATE_KEY = fact_monthly_aggregate.date_key (BQ non-enforced), dim_organization.org_sk = fact_monthly_aggregate.org_sk (BQ non-enforced), dim_product.prod_sk = fact_monthly_aggregate.prod_sk (BQ non-enforced)",NOT NULL (BQ non-enforced),"PARTITION BY RANGE_BUCKET(date_key, GENERATE_ARRAY(200001, 210001, 1))",Yes,"CLUSTER BY org_sk, prod_sk",3650 (10 Years),date_key,INTEGER,NEW,CAST(invoice_month ,, '01' AS INT64),Billing_Transaction_Ledger_Table,invoice_month,VARCHAR2(6),COST/USAGE,Usage Line Item,Data Table,No SCD,billing_trans_ledger_sk,project_id,N/A,Primary Key and Foreign Key to DIM_DATE.
FACT_MONTHLY_AGGREGATE,COST/USAGE,Usage Aggregates,Aggregate Fact,No SCD,"date_key, org_sk, prod_sk",N/A,NOT NULL (BQ non-enforced),"PARTITION BY RANGE_BUCKET(date_key, GENERATE_ARRAY(200001, 210001, 1))",Yes,"CLUSTER BY org_sk, prod_sk",3650 (10 Years),org_sk,STRING,NEW,TO_HEX(SHA256(project_id)),Billing_Transaction_Ledger_Table,project_id,VARCHAR2(255),COST/USAGE,Usage Line Item,Data Table,No SCD,billing_trans_ledger_sk,project_id,N/A,Primary Key and Foreign Key to DIM_ORGANIZATION.
FACT_MONTHLY_AGGREGATE,COST/USAGE,Usage Aggregates,Aggregate Fact,No SCD,"date_key, org_sk, prod_sk",N/A,NOT NULL (BQ non-enforced),"PARTITION BY RANGE_BUCKET(date_key, GENERATE_ARRAY(200001, 210001, 1))",Yes,"CLUSTER BY org_sk, prod_sk",3650 (10 Years),prod_sk,STRING,NEW,TO_HEX(SHA256(service_sku_id)),Billing_Transaction_Ledger_Table,service_sku_id,VARCHAR2(255),COST/USAGE,Usage Line Item,Data Table,No SCD,billing_trans_ledger_sk,project_id,N/A,Primary Key and Foreign Key to DIM_PRODUCT.
FACT_MONTHLY_AGGREGATE,COST/USAGE,Usage Aggregates,Aggregate Fact,No SCD,"date_key, org_sk, prod_sk",N/A,NOT NULL (BQ non-enforced),"PARTITION BY RANGE_BUCKET(date_key, GENERATE_ARRAY(200001, 210001, 1))",Yes,"CLUSTER BY org_sk, prod_sk",3650 (10 Years),total_cost,BIGNUMERIC,NEW,SUM(cost),Billing_Transaction_Ledger_Table,cost,"NUMBER(20,6)",COST/USAGE,Usage Line Item,Data Table,No SCD,billing_trans_ledger_sk,project_id,N/A,Aggregated cost measure.
FACT_MONTHLY_AGGREGATE,COST/USAGE,Usage Aggregates,Aggregate Fact,No SCD,"date_key, org_sk, prod_sk",N/A,NOT NULL (BQ non-enforced),"PARTITION BY RANGE_BUCKET(date_key, GENERATE_ARRAY(200001, 210001, 1))",Yes,"CLUSTER BY org_sk, prod_sk",3650 (10 Years),total_usage_amount,BIGNUMERIC,NEW,SUM(usage_amount),Billing_Transaction_Ledger_Table,usage_amount,"NUMBER(20,6)",COST/USAGE,Usage Line Item,Data Table,No SCD,billing_trans_ledger_sk,project_id,N/A,Aggregated usage measure.
FACT_MONTHLY_AGGREGATE,COST/USAGE,Usage Aggregates,Aggregate Fact,No SCD,"date_key, org_sk, prod_sk",N/A,NOT NULL (BQ non-enforced),"PARTITION BY RANGE_BUCKET(date_key, GENERATE_ARRAY(200001, 210001, 1))",Yes,"CLUSTER BY org_sk, prod_sk",3650 (10 Years),total_credit_amount,BIGNUMERIC,NEW,SUM(credit_amount),Transaction_Credit_Item_Table,credit_amount,"NUMBER(20,6)",COST/USAGE,Usage Line Item,Data Table,No SCD,trans_credit_item_sk,billing_trans_ledger_sk,N/A,Aggregated credit measure.