0,1,2,3,4,5,6,7,8,9,10,11,12,13,14,15,16,17,18,19,20,21,22,23,24,25,26
:---,:---,:---,:---,:---,:---,:---,:---,:---,:---,:---,:---,:---,:---,:---,:---,:---,:---,:---,:---,:---,:---,:---,:---,:---,:---,:---
FACT_DAILY_USAGE,COST/USAGE,Usage Line Item,Atomic Fact,No SCD,usage_sk,"dim_date.DATE_KEY, dim_time.TIME_KEY, dim_organization.ORG_SK, dim_product.PROD_SK, dim_resource.RESOURCE_SK, dim_invoice.INVOICE_SK",NOT NULL (BQ non-enforced),PARTITION BY DATE(usage_start_time),Yes,"CLUSTER BY project_id, service_sku_id",1825 (5 Years),usage_sk,STRING,NEW,"TO_HEX(SHA256(Billing_Transaction_Ledger_Table.billing_trans_ledger_sk, Billing_Transaction_Ledger_Table.usage_start_time))",Billing_Transaction_Ledger_Table,billing_trans_ledger_sk,VARCHAR2(255),COST/USAGE,Usage Line Item,Data Table,No SCD,billing_trans_ledger_sk,"project_id, service_sku_id, resource_id",N/A,Surrogate key for the atomic line item.
FACT_DAILY_USAGE,COST/USAGE,Usage Line Item,Atomic Fact,No SCD,usage_sk,dim_date.DATE_KEY = fact_daily_usage.date_key (BQ non-enforced),NOT NULL (BQ non-enforced),PARTITION BY DATE(usage_start_time),Yes,"CLUSTER BY project_id, service_sku_id",1825 (5 Years),date_key,INT64,NEW,"CAST(FORMAT_DATE('%Y%m%d', Billing_Transaction_Ledger_Table.usage_start_time) AS INT64)",Billing_Transaction_Ledger_Table,usage_start_time,TIMESTAMP,COST/USAGE,Usage Line Item,Data Table,No SCD,billing_trans_ledger_sk,"project_id, service_sku_id, resource_id",N/A,Foreign Key to DIM_DATE.
FACT_DAILY_USAGE,COST/USAGE,Usage Line Item,Atomic Fact,No SCD,usage_sk,dim_time.TIME_KEY = fact_daily_usage.time_key (BQ non-enforced),NOT NULL (BQ non-enforced),PARTITION BY DATE(usage_start_time),Yes,"CLUSTER BY project_id, service_sku_id",1825 (5 Years),time_key,INT64,NEW,"CAST(FORMAT_TIME('%H%M', Billing_Transaction_Ledger_Table.usage_start_time) AS INT64)",Billing_Transaction_Ledger_Table,usage_start_time,TIMESTAMP,COST/USAGE,Usage Line Item,Data Table,No SCD,billing_trans_ledger_sk,"project_id, service_sku_id, resource_id",N/A,Foreign Key to DIM_TIME.
FACT_DAILY_USAGE,COST/USAGE,Usage Line Item,Atomic Fact,No SCD,usage_sk,dim_organization.ORG_SK = fact_daily_usage.org_sk (BQ non-enforced),NOT NULL (BQ non-enforced),PARTITION BY DATE(usage_start_time),Yes,"CLUSTER BY project_id, service_sku_id",1825 (5 Years),org_sk,STRING,NEW,TO_HEX(SHA256(Billing_Transaction_Ledger_Table.project_id)),Billing_Transaction_Ledger_Table,project_id,VARCHAR2(255),COST/USAGE,Usage Line Item,Data Table,No SCD,billing_trans_ledger_sk,"project_id, service_sku_id, resource_id",N/A,Foreign Key to DIM_ORGANIZATION.
FACT_DAILY_USAGE,COST/USAGE,Usage Line Item,Atomic Fact,No SCD,usage_sk,dim_product.PROD_SK = fact_daily_usage.prod_sk (BQ non-enforced),NOT NULL (BQ non-enforced),PARTITION BY DATE(usage_start_time),Yes,"CLUSTER BY project_id, service_sku_id",1825 (5 Years),prod_sk,STRING,NEW,TO_HEX(SHA256(Billing_Transaction_Ledger_Table.service_sku_id)),Billing_Transaction_Ledger_Table,service_sku_id,VARCHAR2(255),COST/USAGE,Usage Line Item,Data Table,No SCD,billing_trans_ledger_sk,"project_id, service_sku_id, resource_id",N/A,Foreign Key to DIM_PRODUCT.
FACT_DAILY_USAGE,COST/USAGE,Usage Line Item,Atomic Fact,No SCD,usage_sk,dim_resource.RESOURCE_SK = fact_daily_usage.resource_sk (BQ non-enforced),NULL (BQ non-enforced),PARTITION BY DATE(usage_start_time),Yes,"CLUSTER BY project_id, service_sku_id",1825 (5 Years),resource_sk,STRING,NEW,TO_HEX(SHA256(Billing_Transaction_Ledger_Table.resource_id)),Billing_Transaction_Ledger_Table,resource_id,N/A,COST/USAGE,Usage Line Item,Data Table,No SCD,billing_trans_ledger_sk,"project_id, service_sku_id, resource_id",N/A,Foreign Key to DIM_RESOURCE. resource_id is a FK in Source DDL but no column name/type specified in current source.
FACT_DAILY_USAGE,COST/USAGE,Usage Line Item,Atomic Fact,No SCD,usage_sk,dim_invoice.INVOICE_SK = fact_daily_usage.invoice_sk (BQ non-enforced),NOT NULL (BQ non-enforced),PARTITION BY DATE(usage_start_time),Yes,"CLUSTER BY project_id, service_sku_id",1825 (5 Years),invoice_sk,STRING,NEW,TO_HEX(SHA256(Billing_Transaction_Ledger_Table.invoice_month)),Billing_Transaction_Ledger_Table,invoice_month,VARCHAR2(6),COST/USAGE,Usage Line Item,Data Table,No SCD,billing_trans_ledger_sk,"project_id, service_sku_id, resource_id",N/A,Foreign Key to DIM_INVOICE.
FACT_DAILY_USAGE,COST/USAGE,Usage Line Item,Atomic Fact,No SCD,usage_sk,N/A,NULL (BQ non-enforced),PARTITION BY DATE(usage_start_time),Yes,"CLUSTER BY project_id, service_sku_id",1825 (5 Years),billing_account_price_id,STRING,Existing,billing_account_price_id,Billing_Transaction_Ledger_Table,billing_account_price_id,VARCHAR2(255),COST/USAGE,Usage Line Item,Data Table,No SCD,billing_trans_ledger_sk,"project_id, service_sku_id, resource_id",N/A,Natural key to link to pricing details.
FACT_DAILY_USAGE,COST/USAGE,Usage Line Item,Atomic Fact,No SCD,usage_sk,N/A,NOT NULL (BQ non-enforced),PARTITION BY DATE(usage_start_time),Yes,"CLUSTER BY project_id, service_sku_id",1825 (5 Years),project_id,STRING,Existing,project_id,Billing_Transaction_Ledger_Table,project_id,VARCHAR2(255),COST/USAGE,Usage Line Item,Data Table,No SCD,billing_trans_ledger_sk,"project_id, service_sku_id, resource_id",fk_ledger_proj FOREIGN KEY (project_id) REFERENCES Project_Profile_Table (project_id),Natural Key for Project.
FACT_DAILY_USAGE,COST/USAGE,Usage Line Item,Atomic Fact,No SCD,usage_sk,N/A,NOT NULL (BQ non-enforced),PARTITION BY DATE(usage_start_time),Yes,"CLUSTER BY project_id, service_sku_id",1825 (5 Years),service_sku_id,STRING,Existing,service_sku_id,Billing_Transaction_Ledger_Table,service_sku_id,VARCHAR2(255),COST/USAGE,Usage Line Item,Data Table,No SCD,billing_trans_ledger_sk,"project_id, service_sku_id, resource_id",fk_ledger_sku FOREIGN KEY (service_sku_id) REFERENCES Service_SKU_Table (service_sku_id),Natural Key for SKU.
FACT_DAILY_USAGE,COST/USAGE,Usage Line Item,Atomic Fact,No SCD,usage_sk,N/A,NOT NULL (BQ non-enforced),PARTITION BY DATE(usage_start_time),Yes,"CLUSTER BY project_id, service_sku_id",1825 (5 Years),usage_start_time,TIMESTAMP,Existing,usage_start_time,Billing_Transaction_Ledger_Table,usage_start_time,TIMESTAMP,COST/USAGE,Usage Line Item,Data Table,No SCD,billing_trans_ledger_sk,"project_id, service_sku_id, resource_id",N/A,Start time of usage.
FACT_DAILY_USAGE,COST/USAGE,Usage Line Item,Atomic Fact,No SCD,usage_sk,N/A,NULL (BQ non-enforced),PARTITION BY DATE(usage_start_time),Yes,"CLUSTER BY project_id, service_sku_id",1825 (5 Years),usage_end_time,TIMESTAMP,Existing,usage_end_time,Billing_Transaction_Ledger_Table,usage_end_time,TIMESTAMP,COST/USAGE,Usage Line Item,Data Table,No SCD,billing_trans_ledger_sk,"project_id, service_sku_id, resource_id",N/A,End time of usage.
FACT_DAILY_USAGE,COST/USAGE,Usage Line Item,Atomic Fact,No SCD,usage_sk,N/A,NOT NULL (BQ non-enforced),PARTITION BY DATE(usage_start_time),Yes,"CLUSTER BY project_id, service_sku_id",1825 (5 Years),export_time,TIMESTAMP,Existing,export_time,Billing_Transaction_Ledger_Table,export_time,TIMESTAMP,COST/USAGE,Usage Line Item,Data Table,No SCD,billing_trans_ledger_sk,"project_id, service_sku_id, resource_id",N/A,Time when the record was exported.
FACT_DAILY_USAGE,COST/USAGE,Usage Line Item,Atomic Fact,No SCD,usage_sk,N/A,NOT NULL (BQ non-enforced),PARTITION BY DATE(usage_start_time),Yes,"CLUSTER BY project_id, service_sku_id",1825 (5 Years),cost_type,STRING,Existing,cost_type,Billing_Transaction_Ledger_Table,cost_type,VARCHAR2(50),COST/USAGE,Usage Line Item,Data Table,No SCD,billing_trans_ledger_sk,"project_id, service_sku_id, resource_id",N/A,"Type of cost (Regular, Tax, Adjustment)."
FACT_DAILY_USAGE,COST/USAGE,Usage Line Item,Atomic Fact,No SCD,usage_sk,N/A,NOT NULL (BQ non-enforced),PARTITION BY DATE(usage_start_time),Yes,"CLUSTER BY project_id, service_sku_id",1825 (5 Years),transaction_type,STRING,Existing,transaction_type,Billing_Transaction_Ledger_Table,transaction_type,VARCHAR2(50),COST/USAGE,Usage Line Item,Data Table,No SCD,billing_trans_ledger_sk,"project_id, service_sku_id, resource_id",N/A,"Type of transaction (Usage, Purchase)."
FACT_DAILY_USAGE,COST/USAGE,Usage Line Item,Atomic Fact,No SCD,usage_sk,N/A,NOT NULL (BQ non-enforced),PARTITION BY DATE(usage_start_time),Yes,"CLUSTER BY project_id, service_sku_id",1825 (5 Years),seller_name,STRING,Existing,seller_name,Billing_Transaction_Ledger_Table,seller_name,VARCHAR2(255),COST/USAGE,Usage Line Item,Data Table,No SCD,billing_trans_ledger_sk,"project_id, service_sku_id, resource_id",N/A,Name of the seller/cloud provider.
FACT_DAILY_USAGE,COST/USAGE,Usage Line Item,Atomic Fact,No SCD,usage_sk,N/A,NOT NULL (BQ non-enforced),PARTITION BY DATE(usage_start_time),Yes,"CLUSTER BY project_id, service_sku_id",1825 (5 Years),invoice_month,STRING,Existing,invoice_month,Billing_Transaction_Ledger_Table,invoice_month,VARCHAR2(6),COST/USAGE,Usage Line Item,Data Table,No SCD,billing_trans_ledger_sk,"project_id, service_sku_id, resource_id",N/A,Month of the invoice (YYYYMM).
FACT_DAILY_USAGE,COST/USAGE,Usage Line Item,Atomic Fact,No SCD,usage_sk,N/A,NOT NULL (BQ non-enforced),PARTITION BY DATE(usage_start_time),Yes,"CLUSTER BY project_id, service_sku_id",1825 (5 Years),currency,STRING,Existing,currency,Billing_Transaction_Ledger_Table,currency,VARCHAR2(10),COST/USAGE,Usage Line Item,Data Table,No SCD,billing_trans_ledger_sk,"project_id, service_sku_id, resource_id",N/A,Transaction currency.
FACT_DAILY_USAGE,COST/USAGE,Usage Line Item,Atomic Fact,No SCD,usage_sk,N/A,NOT NULL (BQ non-enforced),PARTITION BY DATE(usage_start_time),Yes,"CLUSTER BY project_id, service_sku_id",1825 (5 Years),currency_conversion_rate,BIGNUMERIC,Existing,currency_conversion_rate,Billing_Transaction_Ledger_Table,currency_conversion_rate,"NUMBER(20,9)",COST/USAGE,Usage Line Item,Data Table,No SCD,billing_trans_ledger_sk,"project_id, service_sku_id, resource_id",N/A,Conversion rate. BQ prefers BIGNUMERIC for high-precision decimal.
FACT_DAILY_USAGE,COST/USAGE,Usage Line Item,Atomic Fact,No SCD,usage_sk,N/A,NOT NULL (BQ non-enforced),PARTITION BY DATE(usage_start_time),Yes,"CLUSTER BY project_id, service_sku_id",1825 (5 Years),cost,BIGNUMERIC,Existing,cost,Billing_Transaction_Ledger_Table,cost,"NUMBER(20,6)",COST/USAGE,Usage Line Item,Data Table,No SCD,billing_trans_ledger_sk,"project_id, service_sku_id, resource_id",N/A,Core cost measure (Net cost). BQ prefers BIGNUMERIC for high-precision decimal.
FACT_DAILY_USAGE,COST/USAGE,Usage Line Item,Atomic Fact,No SCD,usage_sk,N/A,NOT NULL (BQ non-enforced),PARTITION BY DATE(usage_start_time),Yes,"CLUSTER BY project_id, service_sku_id",1825 (5 Years),cost_at_list,BIGNUMERIC,Existing,cost_at_list,Billing_Transaction_Ledger_Table,cost_at_list,"NUMBER(20,6)",COST/USAGE,Usage Line Item,Data Table,No SCD,billing_trans_ledger_sk,"project_id, service_sku_id, resource_id",N/A,Cost before discounts (List Price). BQ prefers BIGNUMERIC for high-precision decimal.
FACT_DAILY_USAGE,COST/USAGE,Usage Line Item,Atomic Fact,No SCD,usage_sk,N/A,NOT NULL (BQ non-enforced),PARTITION BY DATE(usage_start_time),Yes,"CLUSTER BY project_id, service_sku_id",1825 (5 Years),cost_effective_price,BIGNUMERIC,Existing,cost_effective_price,Billing_Transaction_Ledger_Table,cost_effective_price,"NUMBER(20,6)",COST/USAGE,Usage Line Item,Data Table,No SCD,billing_trans_ledger_sk,"project_id, service_sku_id, resource_id",N/A,Rate applied to the usage. BQ prefers BIGNUMERIC for high-precision decimal.
FACT_DAILY_USAGE,COST/USAGE,Usage Line Item,Atomic Fact,No SCD,usage_sk,N/A,NOT NULL (BQ non-enforced),PARTITION BY DATE(usage_start_time),Yes,"CLUSTER BY project_id, service_sku_id",1825 (5 Years),usage_amount,BIGNUMERIC,Existing,usage_amount,Billing_Transaction_Ledger_Table,usage_amount,"NUMBER(20,6)",COST/USAGE,Usage Line Item,Data Table,No SCD,billing_trans_ledger_sk,"project_id, service_sku_id, resource_id",N/A,Total usage for the line item. BQ prefers BIGNUMERIC for high-precision decimal.
FACT_DAILY_USAGE,COST/USAGE,Usage Line Item,Atomic Fact,No SCD,usage_sk,N/A,NOT NULL (BQ non-enforced),PARTITION BY DATE(usage_start_time),Yes,"CLUSTER BY project_id, service_sku_id",1825 (5 Years),usage_unit,STRING,Existing,usage_unit,Billing_Transaction_Ledger_Table,usage_unit,VARCHAR2(50),COST/USAGE,Usage Line Item,Data Table,No SCD,billing_trans_ledger_sk,"project_id, service_sku_id, resource_id",N/A,"Unit of the usage (e.g., hours, GiB)."
FACT_DAILY_USAGE,COST/USAGE,Usage Line Item,Atomic Fact,No SCD,usage_sk,N/A,NOT NULL (BQ non-enforced),PARTITION BY DATE(usage_start_time),Yes,"CLUSTER BY project_id, service_sku_id",1825 (5 Years),usage_amt_in_pricing_units,BIGNUMERIC,Existing,usage_amt_in_pricing_units,Billing_Transaction_Ledger_Table,usage_amt_in_pricing_units,"NUMBER(20,6)",COST/USAGE,Usage Line Item,Data Table,No SCD,billing_trans_ledger_sk,"project_id, service_sku_id, resource_id",N/A,Usage amount scaled to pricing units. BQ prefers BIGNUMERIC for high-precision decimal.
FACT_DAILY_USAGE,COST/USAGE,Usage Line Item,Atomic Fact,No SCD,usage_sk,N/A,NOT NULL (BQ non-enforced),PARTITION BY DATE(usage_start_time),Yes,"CLUSTER BY project_id, service_sku_id",1825 (5 Years),pricing_unit,STRING,Existing,pricing_unit,Billing_Transaction_Ledger_Table,pricing_unit,VARCHAR2(50),COST/USAGE,Usage Line Item,Data Table,No SCD,billing_trans_ledger_sk,"project_id, service_sku_id, resource_id",N/A,The unit the price is based on.
FACT_DAILY_USAGE,COST/USAGE,Usage Line Item,Atomic Fact,No SCD,usage_sk,N/A,NULL (BQ non-enforced),PARTITION BY DATE(usage_start_time),Yes,"CLUSTER BY project_id, service_sku_id",1825 (5 Years),adjustment_id,STRING,Existing,adjustment_id,Billing_Transaction_Ledger_Table,adjustment_id,VARCHAR2(255),COST/USAGE,Usage Line Item,Data Table,No SCD,billing_trans_ledger_sk,"project_id, service_sku_id, resource_id",N/A,ID for adjustments (if transaction_type is Adjustment).
FACT_DAILY_USAGE,COST/USAGE,Usage Line Item,Atomic Fact,No SCD,usage_sk,N/A,NULL (BQ non-enforced),PARTITION BY DATE(usage_start_time),Yes,"CLUSTER BY project_id, service_sku_id",1825 (5 Years),adjustment_description,STRING,Existing,adjustment_description,Billing_Transaction_Ledger_Table,adjustment_description,VARCHAR2(255),COST/USAGE,Usage Line Item,Data Table,No SCD,billing_trans_ledger_sk,"project_id, service_sku_id, resource_id",N/A,Description for adjustments.
FACT_DAILY_USAGE,COST/USAGE,Usage Line Item,Atomic Fact,No SCD,usage_sk,N/A,NULL (BQ non-enforced),PARTITION BY DATE(usage_start_time),Yes,"CLUSTER BY project_id, service_sku_id",1825 (5 Years),adjustment_mode,STRING,Existing,adjustment_mode,Billing_Transaction_Ledger_Table,adjustment_mode,VARCHAR2(50),COST/USAGE,Usage Line Item,Data Table,No SCD,billing_trans_ledger_sk,"project_id, service_sku_id, resource_id",N/A,Mode for adjustments.
FACT_DAILY_USAGE,COST/USAGE,Usage Line Item,Atomic Fact,No SCD,usage_sk,N/A,NULL (BQ non-enforced),PARTITION BY DATE(usage_start_time),Yes,"CLUSTER BY project_id, service_sku_id",1825 (5 Years),adjustment_type,STRING,Existing,adjustment_type,Billing_Transaction_Ledger_Table,adjustment_type,VARCHAR2(50),COST/USAGE,Usage Line Item,Data Table,No SCD,billing_trans_ledger_sk,"project_id, service_sku_id, resource_id",N/A,Type for adjustments.
FACT_DAILY_USAGE,COST/USAGE,Usage Line Item,Atomic Fact,No SCD,usage_sk,N/A,NULL (BQ non-enforced),PARTITION BY DATE(usage_start_time),Yes,"CLUSTER BY project_id, service_sku_id",1825 (5 Years),total_credit_amount,BIGNUMERIC,NEW,SUM(Transaction_Credit_Item_Table.credit_amount) OVER (PARTITION BY Billing_Transaction_Ledger_Table.billing_trans_ledger_sk),Transaction_Credit_Item_Table,credit_amount,"NUMBER(20,6)",COST/USAGE,Usage Line Item,Data Table,No SCD,trans_credit_item_sk,billing_trans_ledger_sk,N/A,Total credit applied to the usage line item (Aggregated Measure). BQ prefers BIGNUMERIC for high-precision decimal.
FACT_COMPLEX_PRICING,PRICING,Pricing Bridge,Bridge Table,No SCD,pricing_bridge_sk,dim_pricing_contract.PRICING_CONTRACT_SK,NOT NULL (BQ non-enforced),PARTITION BY DATE(pricing_as_of_time),Yes,CLUSTER BY billing_account_price_id,3650 (10 Years),pricing_bridge_sk,STRING,NEW,"TO_HEX(SHA256(Account_SKU_Price_Rule.billing_account_price_id, Account_Price_Tier_Table.account_price_tier_id, Consumption_Model_Rule_Table.consumption_model_id_sk))","Account_SKU_Price_Rule, Account_Price_Tier_Table, Consumption_Model_Rule_Table",N/A,N/A,PRICING,Pricing Rule Header,Master Table,SCD Type 2,billing_account_price_id,-,N/A,Surrogate key for the M:M relationship bridge.
FACT_COMPLEX_PRICING,PRICING,Pricing Bridge,Bridge Table,No SCD,pricing_bridge_sk,N/A,NOT NULL (BQ non-enforced),PARTITION BY DATE(pricing_as_of_time),Yes,CLUSTER BY billing_account_price_id,3650 (10 Years),billing_account_price_id,STRING,Existing,billing_account_price_id,Account_SKU_Price_Rule,billing_account_price_id,VARCHAR2(255),PRICING,Pricing Rule Header,Master Table,SCD Type 2,billing_account_price_id,-,pk_acct_sku_price PRIMARY KEY (billing_account_price_id),Natural key from Account_SKU_Price_Rule. Serves as a FK to DIM_PRICING_CONTRACT.
FACT_COMPLEX_PRICING,PRICING,Pricing Bridge,Bridge Table,No SCD,pricing_bridge_sk,N/A,NOT NULL (BQ non-enforced),PARTITION BY DATE(pricing_as_of_time),Yes,CLUSTER BY billing_account_price_id,3650 (10 Years),account_price_tier_id,STRING,Existing,account_price_tier_id,Account_Price_Tier_Table,account_price_tier_id,VARCHAR2(255),PRICING,Pricing Rule Header,Data Table,No SCD,account_price_tier_id,account_sku_price_rule_id,pk_acct_price_tier PRIMARY KEY (account_price_tier_id),Natural key from Account_Price_Tier_Table.
FACT_COMPLEX_PRICING,PRICING,Pricing Bridge,Bridge Table,No SCD,pricing_bridge_sk,N/A,NULL (BQ non-enforced),PARTITION BY DATE(pricing_as_of_time),Yes,CLUSTER BY billing_account_price_id,3650 (10 Years),consumption_model_id_sk,STRING,Existing,consumption_model_id_sk,Consumption_Model_Rule_Table,consumption_model_id_sk,VARCHAR2(255),PRICING,Contract/Discount Model,Master Table,SCD Type 2,consumption_model_id_sk,-,pk_consump_model PRIMARY KEY (consumption_model_id_sk),Natural key from Consumption_Model_Rule_Table. Serves as a FK to DIM_PRICING_CONTRACT.
FACT_COMPLEX_PRICING,PRICING,Pricing Bridge,Bridge Table,No SCD,pricing_bridge_sk,N/A,NULL (BQ non-enforced),PARTITION BY DATE(pricing_as_of_time),Yes,CLUSTER BY billing_account_price_id,3650 (10 Years),consumption_model_id,STRING,Existing,consumption_model_id,Consumption_Model_Rule_Table,consumption_model_id,VARCHAR2(255),PRICING,Contract/Discount Model,Master Table,SCD Type 2,consumption_model_id_sk,-,N/A,Natural key for consumption model. Included for context and potential clustering.
FACT_COMPLEX_PRICING,PRICING,Pricing Bridge,Bridge Table,No SCD,pricing_bridge_sk,N/A,NULL (BQ non-enforced),PARTITION BY DATE(pricing_as_of_time),Yes,CLUSTER BY billing_account_price_id,3650 (10 Years),pricing_as_of_time,TIMESTAMP,Existing,pricing_as_of_time,Account_SKU_Price_Rule,pricing_as_of_time,TIMESTAMP,PRICING,Pricing Rule Header,Master Table,SCD Type 2,billing_account_price_id,-,N/A,Time the price rule became effective (for partitioning).
FACT_COMPLEX_PRICING,PRICING,Pricing Bridge,Bridge Table,No SCD,pricing_bridge_sk,N/A,NULL (BQ non-enforced),PARTITION BY DATE(pricing_as_of_time),Yes,CLUSTER BY billing_account_price_id,3650 (10 Years),account_currency_code,STRING,Existing,account_currency_code,Account_SKU_Price_Rule,account_currency_code,VARCHAR2(10),PRICING,Pricing Rule Header,Master Table,SCD Type 2,billing_account_price_id,-,N/A,Currency of the account price.
FACT_COMPLEX_PRICING,PRICING,Pricing Bridge,Bridge Table,No SCD,pricing_bridge_sk,N/A,NULL (BQ non-enforced),PARTITION BY DATE(pricing_as_of_time),Yes,CLUSTER BY billing_account_price_id,3650 (10 Years),price_tier_start_usage_amount,BIGNUMERIC,NEW,Account_Price_Tier_Table.start_usage_amount,Account_Price_Tier_Table,start_usage_amount,"NUMBER(20,6)",PRICING,Pricing Rule Header,Data Table,No SCD,account_price_tier_id,account_sku_price_rule_id,N/A,Start amount for the tiered price. BQ prefers BIGNUMERIC for high-precision decimal.
FACT_COMPLEX_PRICING,PRICING,Pricing Bridge,Bridge Table,No SCD,pricing_bridge_sk,N/A,NULL (BQ non-enforced),PARTITION BY DATE(pricing_as_of_time),Yes,CLUSTER BY billing_account_price_id,3650 (10 Years),price_tier_usd_amount,BIGNUMERIC,NEW,Account_Price_Tier_Table.usd_amount,Account_Price_Tier_Table,usd_amount,"NUMBER(20,6)",PRICING,Pricing Rule Header,Data Table,No SCD,account_price_tier_id,account_sku_price_rule_id,N/A,Price per unit in USD for the tier. BQ prefers BIGNUMERIC for high-precision decimal.
FACT_COMPLEX_PRICING,PRICING,Pricing Bridge,Bridge Table,No SCD,pricing_bridge_sk,N/A,NULL (BQ non-enforced),PARTITION BY DATE(pricing_as_of_time),Yes,CLUSTER BY billing_account_price_id,3650 (10 Years),consumption_model_discount_percent,BIGNUMERIC,NEW,Consumption_Model_Rule_Table.discount_percent,Consumption_Model_Rule_Table,discount_percent,"NUMBER(5,4)",PRICING,Contract/Discount Model,Master Table,SCD Type 2,consumption_model_id_sk,-,N/A,Discount percentage from the consumption model. BQ prefers BIGNUMERIC for high-precision decimal.
DIM_ORGANIZATION,ORGANIZATION,Organization/Account Profile,Dimension,SCD Type 2,"org_sk, scd_start_date","dim_date.DATE_KEY, dim_time.TIME_KEY",NOT NULL (BQ non-enforced),"PARTITION BY RANGE_BUCKET(project_number, GENERATE_ARRAY(0, 1000000, 100000))",No,"CLUSTER BY project_id, project_name",0 (No Expiration),org_sk,STRING,NEW,TO_HEX(SHA256(Project_Profile_Table.project_id)),Project_Profile_Table,project_id,VARCHAR2(255),ORGANIZATION,Organization/Account Profile,Master Table,SCD Type 2,project_id,-,pk_proj_prof PRIMARY KEY (project_id),Surrogate key for the organization/project.
DIM_ORGANIZATION,ORGANIZATION,Organization/Account Profile,Dimension,SCD Type 2,"org_sk, scd_start_date",N/A,NOT NULL (BQ non-enforced),"PARTITION BY RANGE_BUCKET(project_number, GENERATE_ARRAY(0, 1000000, 100000))",No,"CLUSTER BY project_id, project_name",0 (No Expiration),project_id,STRING,Existing,project_id,Project_Profile_Table,project_id,VARCHAR2(255),ORGANIZATION,Organization/Account Profile,Master Table,SCD Type 2,project_id,-,pk_proj_prof PRIMARY KEY (project_id),Natural Key for Project.
DIM_ORGANIZATION,ORGANIZATION,Organization/Account Profile,Dimension,SCD Type 2,"org_sk, scd_start_date",N/A,NULL (BQ non-enforced),"PARTITION BY RANGE_BUCKET(project_number, GENERATE_ARRAY(0, 1000000, 100000))",No,"CLUSTER BY project_id, project_name",0 (No Expiration),project_number,INT64,Existing,project_number,Project_Profile_Table,project_number,NUMBER(20),ORGANIZATION,Organization/Account Profile,Master Table,SCD Type 2,project_id,-,N/A,Project number for clustering/partitioning. BQ uses INT64 for INTEGER.
DIM_ORGANIZATION,ORGANIZATION,Organization/Account Profile,Dimension,SCD Type 2,"org_sk, scd_start_date",N/A,NULL (BQ non-enforced),"PARTITION BY RANGE_BUCKET(project_number, GENERATE_ARRAY(0, 1000000, 100000))",No,"CLUSTER BY project_id, project_name",0 (No Expiration),project_name,STRING,Existing,project_name,Project_Profile_Table,project_name,VARCHAR2(255),ORGANIZATION,Organization/Account Profile,Master Table,SCD Type 2,project_id,-,N/A,Name of the project.
DIM_ORGANIZATION,ORGANIZATION,Organization/Account Profile,Dimension,SCD Type 2,"org_sk, scd_start_date",N/A,NULL (BQ non-enforced),"PARTITION BY RANGE_BUCKET(project_number, GENERATE_ARRAY(0, 1000000, 100000))",No,"CLUSTER BY project_id, project_name",0 (No Expiration),billing_account_id,STRING,Existing,billing_account_id,Project_Profile_Table,billing_account_id,VARCHAR2(255),ORGANIZATION,Organization/Account Profile,Master Table,SCD Type 2,project_id,-,N/A,Billing account associated with the project.
DIM_ORGANIZATION,ORGANIZATION,Organization/Account Profile,Dimension,SCD Type 2,"org_sk, scd_start_date",N/A,NULL (BQ non-enforced),"PARTITION BY RANGE_BUCKET(project_number, GENERATE_ARRAY(0, 1000000, 100000))",No,"CLUSTER BY project_id, project_name",0 (No Expiration),ancestry_numbers,STRING,Existing,ancestry_numbers,Project_Profile_Table,ancestry_numbers,VARCHAR2(512),ORGANIZATION,Organization/Account Profile,Master Table,SCD Type 2,project_id,-,N/A,Delimited string of ancestor folder IDs.
DIM_ORGANIZATION,ORGANIZATION,Organization/Account Profile,Dimension,SCD Type 2,"org_sk, scd_start_date",N/A,NOT NULL (BQ non-enforced),"PARTITION BY RANGE_BUCKET(project_number, GENERATE_ARRAY(0, 1000000, 100000))",No,"CLUSTER BY project_id, project_name",0 (No Expiration),scd_start_date,TIMESTAMP,NEW,CURRENT_TIMESTAMP(),N/A,N/A,N/A,N/A,N/A,N/A,N/A,N/A,N/A,N/A,SCD Type 2 Tracking: Effective start date of the record.
DIM_ORGANIZATION,ORGANIZATION,Organization/Account Profile,Dimension,SCD Type 2,"org_sk, scd_start_date",N/A,NOT NULL (BQ non-enforced),"PARTITION BY RANGE_BUCKET(project_number, GENERATE_ARRAY(0, 1000000, 100000))",No,"CLUSTER BY project_id, project_name",0 (No Expiration),scd_end_date,TIMESTAMP,NEW,'9999-12-31',N/A,N/A,N/A,N/A,N/A,N/A,N/A,N/A,N/A,N/A,SCD Type 2 Tracking: Effective end date of the record.
DIM_ORGANIZATION,ORGANIZATION,Organization/Account Profile,Dimension,SCD Type 2,"org_sk, scd_start_date",N/A,NOT NULL (BQ non-enforced),"PARTITION BY RANGE_BUCKET(project_number, GENERATE_ARRAY(0, 1000000, 100000))",No,"CLUSTER BY project_id, project_name",0 (No Expiration),scd_current_flag,STRING,NEW,'Y',N/A,N/A,N/A,N/A,N/A,N/A,N/A,N/A,N/A,N/A,SCD Type 2 Tracking: Flag for the currently active record ('Y'/'N').
DIM_PRODUCT,PRODUCT,Product/Service Catalog,Dimension,SCD Type 2,"prod_sk, scd_start_date","dim_date.DATE_KEY, dim_time.TIME_KEY",NOT NULL (BQ non-enforced),PARTITION BY DATE(pricing_as_of_time),No,"CLUSTER BY service_id, sku_id",0 (No Expiration),prod_sk,STRING,NEW,TO_HEX(SHA256(Service_SKU_Table.service_sku_id)),Service_SKU_Table,service_sku_id,VARCHAR2(255),PRODUCT,Product/Service Catalog,Master Table,SCD Type 2,service_sku_id,-,pk_service_sku PRIMARY KEY (service_sku_id),Surrogate key for the product/SKU.
DIM_PRODUCT,PRODUCT,Product/Service Catalog,Dimension,SCD Type 2,"prod_sk, scd_start_date",N/A,NOT NULL (BQ non-enforced),PARTITION BY DATE(pricing_as_of_time),No,"CLUSTER BY service_id, sku_id",0 (No Expiration),service_sku_id,STRING,Existing,service_sku_id,Service_SKU_Table,service_sku_id,VARCHAR2(255),PRODUCT,Product/Service Catalog,Master Table,SCD Type 2,service_sku_id,-,pk_service_sku PRIMARY KEY (service_sku_id),Natural Key for SKU.
DIM_PRODUCT,PRODUCT,Product/Service Catalog,Dimension,SCD Type 2,"prod_sk, scd_start_date",N/A,NULL (BQ non-enforced),PARTITION BY DATE(pricing_as_of_time),No,"CLUSTER BY service_id, sku_id",0 (No Expiration),service_id,STRING,Existing,service_id,Service_SKU_Table,service_id,VARCHAR2(255),PRODUCT,Product/Service Catalog,Master Table,SCD Type 2,service_sku_id,-,N/A,Service ID.
DIM_PRODUCT,PRODUCT,Product/Service Catalog,Dimension,SCD Type 2,"prod_sk, scd_start_date",N/A,NULL (BQ non-enforced),PARTITION BY DATE(pricing_as_of_time),No,"CLUSTER BY service_id, sku_id",0 (No Expiration),service_description,STRING,Existing,service_description,Service_SKU_Table,service_description,VARCHAR2(1024),PRODUCT,Product/Service Catalog,Master Table,SCD Type 2,service_sku_id,-,N/A,Description of the service.
DIM_PRODUCT,PRODUCT,Product/Service Catalog,Dimension,SCD Type 2,"prod_sk, scd_start_date",N/A,NOT NULL (BQ non-enforced),PARTITION BY DATE(pricing_as_of_time),No,"CLUSTER BY service_id, sku_id",0 (No Expiration),sku_id,STRING,Existing,sku_id,Service_SKU_Table,sku_id,VARCHAR2(255),PRODUCT,Product/Service Catalog,Master Table,SCD Type 2,service_sku_id,-,N/A,SKU ID.
DIM_PRODUCT,PRODUCT,Product/Service Catalog,Dimension,SCD Type 2,"prod_sk, scd_start_date",N/A,NULL (BQ non-enforced),PARTITION BY DATE(pricing_as_of_time),No,"CLUSTER BY service_id, sku_id",0 (No Expiration),sku_description,STRING,Existing,sku_description,Service_SKU_Table,sku_description,VARCHAR2(1024),PRODUCT,Product/Service Catalog,Master Table,SCD Type 2,service_sku_id,-,N/A,Description of the SKU.
DIM_PRODUCT,PRODUCT,Product/Service Catalog,Dimension,SCD Type 2,"prod_sk, scd_start_date",N/A,NULL (BQ non-enforced),PARTITION BY DATE(pricing_as_of_time),No,"CLUSTER BY service_id, sku_id",0 (No Expiration),destination_migration_mapping,STRING,Existing,destination_migration_mapping,Service_SKU_Table,destination_migration_mapping,VARCHAR2(255),PRODUCT,Product/Service Catalog,Master Table,SCD Type 2,service_sku_id,-,N/A,Destination migration mapping.
DIM_PRODUCT,PRODUCT,Product/Service Catalog,Dimension,SCD Type 2,"prod_sk, scd_start_date",N/A,NULL (BQ non-enforced),PARTITION BY DATE(pricing_as_of_time),No,"CLUSTER BY service_id, sku_id",0 (No Expiration),pricing_unit,STRING,Existing,pricing_unit,Service_SKU_Table,pricing_unit,VARCHAR2(50),PRODUCT,Product/Service Catalog,Master Table,SCD Type 2,service_sku_id,-,N/A,Pricing unit.
DIM_PRODUCT,PRODUCT,Product/Service Catalog,Dimension,SCD Type 2,"prod_sk, scd_start_date",N/A,NULL (BQ non-enforced),PARTITION BY DATE(pricing_as_of_time),No,"CLUSTER BY service_id, sku_id",0 (No Expiration),pricing_unit_description,STRING,Existing,pricing_unit_description,Service_SKU_Table,pricing_unit_description,VARCHAR2(255),PRODUCT,Product/Service Catalog,Master Table,SCD Type 2,service_sku_id,-,N/A,Pricing unit description.
DIM_PRODUCT,PRODUCT,Product/Service Catalog,Dimension,SCD Type 2,"prod_sk, scd_start_date",N/A,NULL (BQ non-enforced),PARTITION BY DATE(pricing_as_of_time),No,"CLUSTER BY service_id, sku_id",0 (No Expiration),business_entity_name,STRING,Existing,business_entity_name,Service_SKU_Table,business_entity_name,VARCHAR2(255),PRODUCT,Product/Service Catalog,Master Table,SCD Type 2,service_sku_id,-,N/A,Business entity name.
DIM_PRODUCT,PRODUCT,Product/Service Catalog,Dimension,SCD Type 2,"prod_sk, scd_start_date",N/A,NULL (BQ non-enforced),PARTITION BY DATE(pricing_as_of_time),No,"CLUSTER BY service_id, sku_id",0 (No Expiration),product_taxonomy_level,STRING,NEW,Product_Taxonomy_Table.product_taxonomy_level,Product_Taxonomy_Table,product_taxonomy_level,VARCHAR2(50),PRODUCT,Product/Service Catalog,Data Table,No SCD,product_taxonomy_id,service_sku_id,N/A,Product classification level (Flattened).
DIM_PRODUCT,PRODUCT,Product/Service Catalog,Dimension,SCD Type 2,"prod_sk, scd_start_date",N/A,NULL (BQ non-enforced),PARTITION BY DATE(pricing_as_of_time),No,"CLUSTER BY service_id, sku_id",0 (No Expiration),product_taxonomy_value,STRING,NEW,Product_Taxonomy_Table.product_taxonomy_value,Product_Taxonomy_Table,product_taxonomy_value,VARCHAR2(255),PRODUCT,Product/Service Catalog,Data Table,No SCD,product_taxonomy_id,service_sku_id,N/A,Product classification value (Flattened).
DIM_PRODUCT,PRODUCT,Product/Service Catalog,Dimension,SCD Type 2,"prod_sk, scd_start_date",N/A,NOT NULL (BQ non-enforced),PARTITION BY DATE(pricing_as_of_time),No,"CLUSTER BY service_id, sku_id",0 (No Expiration),pricing_as_of_time,TIMESTAMP,Existing,pricing_as_of_time,Service_SKU_Table,pricing_as_of_time,TIMESTAMP,PRODUCT,Product/Service Catalog,Master Table,SCD Type 2,service_sku_id,-,N/A,Time the pricing was effective (for partitioning).
DIM_PRODUCT,PRODUCT,Product/Service Catalog,Dimension,SCD Type 2,"prod_sk, scd_start_date",N/A,NOT NULL (BQ non-enforced),PARTITION BY DATE(pricing_as_of_time),No,"CLUSTER BY service_id, sku_id",0 (No Expiration),scd_start_date,TIMESTAMP,NEW,CURRENT_TIMESTAMP(),N/A,N/A,N/A,N/A,N/A,N/A,N/A,N/A,N/A,N/A,SCD Type 2 Tracking: Effective start date of the record.
DIM_PRODUCT,PRODUCT,Product/Service Catalog,Dimension,SCD Type 2,"prod_sk, scd_start_date",N/A,NOT NULL (BQ non-enforced),PARTITION BY DATE(pricing_as_of_time),No,"CLUSTER BY service_id, sku_id",0 (No Expiration),scd_end_date,TIMESTAMP,NEW,'9999-12-31',N/A,N/A,N/A,N/A,N/A,N/A,N/A,N/A,N/A,N/A,SCD Type 2 Tracking: Effective end date of the record.
DIM_PRODUCT,PRODUCT,Product/Service Catalog,Dimension,SCD Type 2,"prod_sk, scd_start_date",N/A,NOT NULL (BQ non-enforced),PARTITION BY DATE(pricing_as_of_time),No,"CLUSTER BY service_id, sku_id",0 (No Expiration),scd_current_flag,STRING,NEW,'Y',N/A,N/A,N/A,N/A,N/A,N/A,N/A,N/A,N/A,N/A,SCD Type 2 Tracking: Flag for the currently active record ('Y'/'N').
DIM_RESOURCE,RESOURCE,Resource/Asset Inventory,Dimension,SCD Type 2,"resource_sk, scd_start_date",dim_organization.ORG_SK,NOT NULL (BQ non-enforced),PARTITION BY DATE(scd_start_date),No,"CLUSTER BY project_id, region",0 (No Expiration),resource_sk,STRING,NEW,TO_HEX(SHA256(Resource_Inventory_Table.resource_id)),Resource_Inventory_Table,resource_id,VARCHAR2(255),RESOURCE,Resource/Asset Inventory,Master Table,SCD Type 2,resource_id,-,pk_res_inv PRIMARY KEY (resource_id),Surrogate key for the resource.
DIM_RESOURCE,RESOURCE,Resource/Asset Inventory,Dimension,SCD Type 2,"resource_sk, scd_start_date",N/A,NOT NULL (BQ non-enforced),PARTITION BY DATE(scd_start_date),No,"CLUSTER BY project_id, region",0 (No Expiration),resource_id,STRING,Existing,resource_id,Resource_Inventory_Table,resource_id,VARCHAR2(255),RESOURCE,Resource/Asset Inventory,Master Table,SCD Type 2,resource_id,-,pk_res_inv PRIMARY KEY (resource_id),Natural Key for Resource.
DIM_RESOURCE,RESOURCE,Resource/Asset Inventory,Dimension,SCD Type 2,"resource_sk, scd_start_date",N/A,NULL (BQ non-enforced),PARTITION BY DATE(scd_start_date),No,"CLUSTER BY project_id, region",0 (No Expiration),resource_name,STRING,Existing,resource_name,Resource_Inventory_Table,resource_name,VARCHAR2(255),RESOURCE,Resource/Asset Inventory,Master Table,SCD Type 2,resource_id,-,N/A,Short name of the resource.
DIM_RESOURCE,RESOURCE,Resource/Asset Inventory,Dimension,SCD Type 2,"resource_sk, scd_start_date",N/A,NULL (BQ non-enforced),PARTITION BY DATE(scd_start_date),No,"CLUSTER BY project_id, region",0 (No Expiration),resource_global_name,STRING,Existing,resource_global_name,Resource_Inventory_Table,resource_global_name,VARCHAR2(512),RESOURCE,Resource/Asset Inventory,Master Table,SCD Type 2,resource_id,-,N/A,Global name/URN of the resource.
DIM_RESOURCE,RESOURCE,Resource/Asset Inventory,Dimension,SCD Type 2,"resource_sk, scd_start_date",dim_organization.ORG_SK = dim_resource.org_sk (BQ non-enforced),NULL (BQ non-enforced),PARTITION BY DATE(scd_start_date),No,"CLUSTER BY project_id, region",0 (No Expiration),project_id,STRING,Existing,project_id,Resource_Inventory_Table,project_id,VARCHAR2(255),RESOURCE,Resource/Asset Inventory,Master Table,SCD Type 2,resource_id,-,N/A,Foreign Key to DIM_ORGANIZATION (Natural Key).
DIM_RESOURCE,RESOURCE,Resource/Asset Inventory,Dimension,SCD Type 2,"resource_sk, scd_start_date",N/A,NULL (BQ non-enforced),PARTITION BY DATE(scd_start_date),No,"CLUSTER BY project_id, region",0 (No Expiration),location,STRING,Existing,location,Resource_Inventory_Table,location,VARCHAR2(100),RESOURCE,Resource/Asset Inventory,Master Table,SCD Type 2,resource_id,-,N/A,Location (Region or Zone).
DIM_RESOURCE,RESOURCE,Resource/Asset Inventory,Dimension,SCD Type 2,"resource_sk, scd_start_date",N/A,NULL (BQ non-enforced),PARTITION BY DATE(scd_start_date),No,"CLUSTER BY project_id, region",0 (No Expiration),region,STRING,Existing,region,Resource_Inventory_Table,region,VARCHAR2(100),RESOURCE,Resource/Asset Inventory,Master Table,SCD Type 2,resource_id,-,N/A,Region of the resource.
DIM_RESOURCE,RESOURCE,Resource/Asset Inventory,Dimension,SCD Type 2,"resource_sk, scd_start_date",N/A,NULL (BQ non-enforced),PARTITION BY DATE(scd_start_date),No,"CLUSTER BY project_id, region",0 (No Expiration),zone,STRING,Existing,zone,Resource_Inventory_Table,zone,VARCHAR2(100),RESOURCE,Resource/Asset Inventory,Master Table,SCD Type 2,resource_id,-,N/A,Zone of the resource.
DIM_RESOURCE,RESOURCE,Resource/Asset Inventory,Dimension,SCD Type 2,"resource_sk, scd_start_date",N/A,NULL (BQ non-enforced),PARTITION BY DATE(scd_start_date),No,"CLUSTER BY project_id, region",0 (No Expiration),country,STRING,Existing,country,Resource_Inventory_Table,country,VARCHAR2(100),RESOURCE,Resource/Asset Inventory,Master Table,SCD Type 2,resource_id,-,N/A,Country of the resource.
DIM_RESOURCE,RESOURCE,Resource/Asset Inventory,Dimension,SCD Type 2,"resource_sk, scd_start_date",N/A,NULL (BQ non-enforced),PARTITION BY DATE(scd_start_date),No,"CLUSTER BY project_id, region",0 (No Expiration),service_id,STRING,Existing,service_id,Resource_Inventory_Table,service_id,VARCHAR2(255),RESOURCE,Resource/Asset Inventory,Master Table,SCD Type 2,resource_id,-,N/A,Service ID.
DIM_RESOURCE,RESOURCE,Resource/Asset Inventory,Dimension,SCD Type 2,"resource_sk, scd_start_date",N/A,NULL (BQ non-enforced),PARTITION BY DATE(scd_start_date),No,"CLUSTER BY project_id, region",0 (No Expiration),resource_tag_key,STRING,NEW,Resource_Tag_Table.tag_key,Resource_Tag_Table,tag_key,VARCHAR2(255),RESOURCE,Resource Tags/Labels,Data Table,No SCD,resource_tag_sk,resource_id,N/A,Flattened user-defined tag key.
DIM_RESOURCE,RESOURCE,Resource/Asset Inventory,Dimension,SCD Type 2,"resource_sk, scd_start_date",N/A,NULL (BQ non-enforced),PARTITION BY DATE(scd_start_date),No,"CLUSTER BY project_id, region",0 (No Expiration),resource_tag_value,STRING,NEW,Resource_Tag_Table.tag_value,Resource_Tag_Table,tag_value,VARCHAR2(255),RESOURCE,Resource Tags/Labels,Data Table,No SCD,resource_tag_sk,resource_id,N/A,Flattened user-defined tag value.
DIM_RESOURCE,RESOURCE,Resource/Asset Inventory,Dimension,SCD Type 2,"resource_sk, scd_start_date",N/A,NULL (BQ non-enforced),PARTITION BY DATE(scd_start_date),No,"CLUSTER BY project_id, region",0 (No Expiration),resource_tag_namespace,STRING,NEW,Resource_Tag_Table.tag_namespace,Resource_Tag_Table,tag_namespace,VARCHAR2(255),RESOURCE,Resource Tags/Labels,Data Table,No SCD,resource_tag_sk,resource_id,N/A,Flattened user-defined tag namespace.
DIM_RESOURCE,RESOURCE,Resource/Asset Inventory,Dimension,SCD Type 2,"resource_sk, scd_start_date",N/A,NULL (BQ non-enforced),PARTITION BY DATE(scd_start_date),No,"CLUSTER BY project_id, region",0 (No Expiration),resource_tag_inherited,STRING,NEW,Resource_Tag_Table.tag_inherited,Resource_Tag_Table,tag_inherited,CHAR(1),RESOURCE,Resource Tags/Labels,Data Table,No SCD,resource_tag_sk,resource_id,N/A,Flattened user-defined tag inherited flag.
DIM_RESOURCE,RESOURCE,Resource/Asset Inventory,Dimension,SCD Type 2,"resource_sk, scd_start_date",N/A,NULL (BQ non-enforced),PARTITION BY DATE(scd_start_date),No,"CLUSTER BY project_id, region",0 (No Expiration),resource_label_key,STRING,NEW,Resource_Label_Table.label_key,Resource_Label_Table,label_key,VARCHAR2(255),RESOURCE,Resource Tags/Labels,Data Table,No SCD,resource_label_sk,resource_id,N/A,Flattened user-defined label key.
DIM_RESOURCE,RESOURCE,Resource/Asset Inventory,Dimension,SCD Type 2,"resource_sk, scd_start_date",N/A,NULL (BQ non-enforced),PARTITION BY DATE(scd_start_date),No,"CLUSTER BY project_id, region",0 (No Expiration),resource_label_value,STRING,NEW,Resource_Label_Table.label_value,Resource_Label_Table,label_value,VARCHAR2(255),RESOURCE,Resource Tags/Labels,Data Table,No SCD,resource_label_sk,resource_id,N/A,Flattened user-defined label value.
DIM_RESOURCE,RESOURCE,Resource/Asset Inventory,Dimension,SCD Type 2,"resource_sk, scd_start_date",N/A,NOT NULL (BQ non-enforced),PARTITION BY DATE(scd_start_date),No,"CLUSTER BY project_id, region",0 (No Expiration),scd_start_date,TIMESTAMP,NEW,CURRENT_TIMESTAMP(),N/A,N/A,N/A,N/A,N/A,N/A,N/A,N/A,N/A,N/A,SCD Type 2 Tracking: Effective start date of the record.
DIM_RESOURCE,RESOURCE,Resource/Asset Inventory,Dimension,SCD Type 2,"resource_sk, scd_start_date",N/A,NOT NULL (BQ non-enforced),PARTITION BY DATE(scd_start_date),No,"CLUSTER BY project_id, region",0 (No Expiration),scd_end_date,TIMESTAMP,NEW,'9999-12-31',N/A,N/A,N/A,N/A,N/A,N/A,N/A,N/A,N/A,N/A,SCD Type 2 Tracking: Effective end date of the record.
DIM_RESOURCE,RESOURCE,Resource/Asset Inventory,Dimension,SCD Type 2,"resource_sk, scd_start_date",N/A,NOT NULL (BQ non-enforced),PARTITION BY DATE(scd_start_date),No,"CLUSTER BY project_id, region",0 (No Expiration),scd_current_flag,STRING,NEW,'Y',N/A,N/A,N/A,N/A,N/A,N/A,N/A,N/A,N/A,N/A,SCD Type 2 Tracking: Flag for the currently active record ('Y'/'N').
DIM_PRICING_CONTRACT,PRICING,Contract/Discount Model,Dimension,SCD Type 2,"pricing_contract_sk, scd_start_date","dim_date.DATE_KEY, dim_time.TIME_KEY",NOT NULL (BQ non-enforced),PARTITION BY DATE(scd_start_date),No,"CLUSTER BY billing_account_price_id, consumption_model_id",0 (No Expiration),pricing_contract_sk,STRING,NEW,"TO_HEX(SHA256(Account_SKU_Price_Rule.billing_account_price_id, Consumption_Model_Rule_Table.consumption_model_id_sk))","Account_SKU_Price_Rule, Consumption_Model_Rule_Table",N/A,N/A,PRICING,Pricing Rule Header,Master Table,SCD Type 2,billing_account_price_id,-,N/A,Surrogate key for the pricing contract.
DIM_PRICING_CONTRACT,PRICING,Contract/Discount Model,Dimension,SCD Type 2,"pricing_contract_sk, scd_start_date",N/A,NOT NULL (BQ non-enforced),PARTITION BY DATE(scd_start_date),No,"CLUSTER BY billing_account_price_id, consumption_model_id",0 (No Expiration),billing_account_price_id,STRING,Existing,billing_account_price_id,Account_SKU_Price_Rule,billing_account_price_id,VARCHAR2(255),PRICING,Pricing Rule Header,Master Table,SCD Type 2,billing_account_price_id,-,pk_acct_sku_price PRIMARY KEY (billing_account_price_id),Natural key for the price rule header.
DIM_PRICING_CONTRACT,PRICING,Contract/Discount Model,Dimension,SCD Type 2,"pricing_contract_sk, scd_start_date",N/A,NULL (BQ non-enforced),PARTITION BY DATE(scd_start_date),No,"CLUSTER BY billing_account_price_id, consumption_model_id",0 (No Expiration),billing_account_id,STRING,Existing,billing_account_id,Account_SKU_Price_Rule,billing_account_id,VARCHAR2(255),PRICING,Pricing Rule Header,Master Table,SCD Type 2,billing_account_price_id,-,N/A,Billing account ID.
DIM_PRICING_CONTRACT,PRICING,Contract/Discount Model,Dimension,SCD Type 2,"pricing_contract_sk, scd_start_date",N/A,NULL (BQ non-enforced),PARTITION BY DATE(scd_start_date),No,"CLUSTER BY billing_account_price_id, consumption_model_id",0 (No Expiration),sku_id,STRING,Existing,sku_id,Account_SKU_Price_Rule,sku_id,VARCHAR2(255),PRICING,Pricing Rule Header,Master Table,SCD Type 2,billing_account_price_id,-,N/A,SKU ID associated with the price rule.
DIM_PRICING_CONTRACT,PRICING,Contract/Discount Model,Dimension,SCD Type 2,"pricing_contract_sk, scd_start_date",N/A,NULL (BQ non-enforced),PARTITION BY DATE(scd_start_date),No,"CLUSTER BY billing_account_price_id, consumption_model_id",0 (No Expiration),pricing_as_of_time,TIMESTAMP,Existing,pricing_as_of_time,Account_SKU_Price_Rule,pricing_as_of_time,TIMESTAMP,PRICING,Pricing Rule Header,Master Table,SCD Type 2,billing_account_price_id,-,N/A,Effective time of the pricing.
DIM_PRICING_CONTRACT,PRICING,Contract/Discount Model,Dimension,SCD Type 2,"pricing_contract_sk, scd_start_date",N/A,NULL (BQ non-enforced),PARTITION BY DATE(scd_start_date),No,"CLUSTER BY billing_account_price_id, consumption_model_id",0 (No Expiration),currency_conversion_rate,BIGNUMERIC,Existing,currency_conversion_rate,Account_SKU_Price_Rule,currency_conversion_rate,"NUMBER(20,9)",PRICING,Pricing Rule Header,Master Table,SCD Type 2,billing_account_price_id,-,N/A,Currency conversion rate. BQ prefers BIGNUMERIC.
DIM_PRICING_CONTRACT,PRICING,Contract/Discount Model,Dimension,SCD Type 2,"pricing_contract_sk, scd_start_date",N/A,NULL (BQ non-enforced),PARTITION BY DATE(scd_start_date),No,"CLUSTER BY billing_account_price_id, consumption_model_id",0 (No Expiration),account_currency_code,STRING,Existing,account_currency_code,Account_SKU_Price_Rule,account_currency_code,VARCHAR2(10),PRICING,Pricing Rule Header,Master Table,SCD Type 2,billing_account_price_id,-,N/A,Account currency code.
DIM_PRICING_CONTRACT,PRICING,Contract/Discount Model,Dimension,SCD Type 2,"pricing_contract_sk, scd_start_date",N/A,NULL (BQ non-enforced),PARTITION BY DATE(scd_start_date),No,"CLUSTER BY billing_account_price_id, consumption_model_id",0 (No Expiration),price_reason,STRING,Existing,price_reason,Account_SKU_Price_Rule,price_reason,VARCHAR2(50),PRICING,Pricing Rule Header,Master Table,SCD Type 2,billing_account_price_id,-,N/A,Reason for the price.
DIM_PRICING_CONTRACT,PRICING,Contract/Discount Model,Dimension,SCD Type 2,"pricing_contract_sk, scd_start_date",N/A,NULL (BQ non-enforced),PARTITION BY DATE(scd_start_date),No,"CLUSTER BY billing_account_price_id, consumption_model_id",0 (No Expiration),discount_percent,BIGNUMERIC,Existing,discount_percent,Account_SKU_Price_Rule,discount_percent,"NUMBER(5,4)",PRICING,Pricing Rule Header,Master Table,SCD Type 2,billing_account_price_id,-,N/A,Discount percentage. BQ prefers BIGNUMERIC.
DIM_PRICING_CONTRACT,PRICING,Contract/Discount Model,Dimension,SCD Type 2,"pricing_contract_sk, scd_start_date",N/A,NULL (BQ non-enforced),PARTITION BY DATE(scd_start_date),No,"CLUSTER BY billing_account_price_id, consumption_model_id",0 (No Expiration),discount_percent_fixed_date,DATE,Existing,discount_percent_fixed_date,Account_SKU_Price_Rule,discount_percent_fixed_date,DATE,PRICING,Pricing Rule Header,Master Table,SCD Type 2,billing_account_price_id,-,N/A,Fixed date for discount percentage.
DIM_PRICING_CONTRACT,PRICING,Contract/Discount Model,Dimension,SCD Type 2,"pricing_contract_sk, scd_start_date",N/A,NULL (BQ non-enforced),PARTITION BY DATE(scd_start_date),No,"CLUSTER BY billing_account_price_id, consumption_model_id",0 (No Expiration),aggregation_level,STRING,Existing,aggregation_level,Account_SKU_Price_Rule,aggregation_level,VARCHAR2(50),PRICING,Pricing Rule Header,Master Table,SCD Type 2,billing_account_price_id,-,N/A,Aggregation level for the price rule.
DIM_PRICING_CONTRACT,PRICING,Contract/Discount Model,Dimension,SCD Type 2,"pricing_contract_sk, scd_start_date",N/A,NULL (BQ non-enforced),PARTITION BY DATE(scd_start_date),No,"CLUSTER BY billing_account_price_id, consumption_model_id",0 (No Expiration),aggregation_interval,STRING,Existing,aggregation_interval,Account_SKU_Price_Rule,aggregation_interval,VARCHAR2(50),PRICING,Pricing Rule Header,Master Table,SCD Type 2,billing_account_price_id,-,N/A,Aggregation interval for the price rule.
DIM_PRICING_CONTRACT,PRICING,Contract/Discount Model,Dimension,SCD Type 2,"pricing_contract_sk, scd_start_date",N/A,NOT NULL (BQ non-enforced),PARTITION BY DATE(scd_start_date),No,"CLUSTER BY billing_account_price_id, consumption_model_id",0 (No Expiration),consumption_model_id_sk,STRING,Existing,consumption_model_id_sk,Consumption_Model_Rule_Table,consumption_model_id_sk,VARCHAR2(255),PRICING,Contract/Discount Model,Master Table,SCD Type 2,consumption_model_id_sk,-,pk_consump_model PRIMARY KEY (consumption_model_id_sk),Natural key for consumption model rule.
DIM_PRICING_CONTRACT,PRICING,Contract/Discount Model,Dimension,SCD Type 2,"pricing_contract_sk, scd_start_date",N/A,NULL (BQ non-enforced),PARTITION BY DATE(scd_start_date),No,"CLUSTER BY billing_account_price_id, consumption_model_id",0 (No Expiration),consumption_model_id,STRING,Existing,consumption_model_id,Consumption_Model_Rule_Table,consumption_model_id,VARCHAR2(255),PRICING,Contract/Discount Model,Master Table,SCD Type 2,consumption_model_id_sk,-,N/A,Consumption model ID.
DIM_PRICING_CONTRACT,PRICING,Contract/Discount Model,Dimension,SCD Type 2,"pricing_contract_sk, scd_start_date",N/A,NULL (BQ non-enforced),PARTITION BY DATE(scd_start_date),No,"CLUSTER BY billing_account_price_id, consumption_model_id",0 (No Expiration),model_display_name,STRING,Existing,model_display_name,Consumption_Model_Rule_Table,model_display_name,VARCHAR2(255),PRICING,Contract/Discount Model,Master Table,SCD Type 2,consumption_model_id_sk,-,N/A,Display name of the consumption model.
DIM_PRICING_CONTRACT,PRICING,Contract/Discount Model,Dimension,SCD Type 2,"pricing_contract_sk, scd_start_date",N/A,NULL (BQ non-enforced),PARTITION BY DATE(scd_start_date),No,"CLUSTER BY billing_account_price_id, consumption_model_id",0 (No Expiration),model_description,STRING,Existing,model_description,Consumption_Model_Rule_Table,model_description,VARCHAR2(1024),PRICING,Contract/Discount Model,Master Table,SCD Type 2,consumption_model_id_sk,-,N/A,Description of the consumption model.
DIM_PRICING_CONTRACT,PRICING,Contract/Discount Model,Dimension,SCD Type 2,"pricing_contract_sk, scd_start_date",N/A,NULL (BQ non-enforced),PARTITION BY DATE(scd_start_date),No,"CLUSTER BY billing_account_price_id, consumption_model_id",0 (No Expiration),consumption_model_price_reason,STRING,NEW,Consumption_Model_Rule_Table.price_reason,Consumption_Model_Rule_Table,price_reason,VARCHAR2(50),PRICING,Contract/Discount Model,Master Table,SCD Type 2,consumption_model_id_sk,-,N/A,Price reason for the consumption model. Renamed to avoid collision with Account_SKU_Price_Rule.price_reason.
DIM_PRICING_CONTRACT,PRICING,Contract/Discount Model,Dimension,SCD Type 2,"pricing_contract_sk, scd_start_date",N/A,NOT NULL (BQ non-enforced),PARTITION BY DATE(scd_start_date),No,"CLUSTER BY billing_account_price_id, consumption_model_id",0 (No Expiration),scd_start_date,TIMESTAMP,NEW,CURRENT_TIMESTAMP(),N/A,N/A,N/A,N/A,N/A,N/A,N/A,N/A,N/A,N/A,SCD Type 2 Tracking: Effective start date of the record.
DIM_PRICING_CONTRACT,PRICING,Contract/Discount Model,Dimension,SCD Type 2,"pricing_contract_sk, scd_start_date",N/A,NOT NULL (BQ non-enforced),PARTITION BY DATE(scd_start_date),No,"CLUSTER BY billing_account_price_id, consumption_model_id",0 (No Expiration),scd_end_date,TIMESTAMP,NEW,'9999-12-31',N/A,N/A,N/A,N/A,N/A,N/A,N/A,N/A,N/A,N/A,SCD Type 2 Tracking: Effective end date of the record.
DIM_PRICING_CONTRACT,PRICING,Contract/Discount Model,Dimension,SCD Type 2,"pricing_contract_sk, scd_start_date",N/A,NOT NULL (BQ non-enforced),PARTITION BY DATE(scd_start_date),No,"CLUSTER BY billing_account_price_id, consumption_model_id",0 (No Expiration),scd_current_flag,STRING,NEW,'Y',N/A,N/A,N/A,N/A,N/A,N/A,N/A,N/A,N/A,N/A,SCD Type 2 Tracking: Flag for the currently active record ('Y'/'N').
DIM_LOCATION,LOCATION,Geography & Zone,Dimension,SCD Type 1,location_key,N/A,NOT NULL (BQ non-enforced),N/A,No,"CLUSTER BY geo_type, regions",0 (No Expiration),location_key,STRING,NEW,TO_HEX(SHA256(Geo_Taxonomy_Table.geo_taxonomy_id)),Geo_Taxonomy_Table,geo_taxonomy_id,VARCHAR2(255),PRODUCT,Product/Service Catalog,Data Table,No SCD,geo_taxonomy_id,service_sku_id,pk_geo_tax PRIMARY KEY (geo_taxonomy_id),Surrogate key for the location.
DIM_LOCATION,LOCATION,Geography & Zone,Dimension,SCD Type 1,location_key,N/A,NOT NULL (BQ non-enforced),N/A,No,"CLUSTER BY geo_type, regions",0 (No Expiration),geo_taxonomy_id,STRING,Existing,geo_taxonomy_id,Geo_Taxonomy_Table,geo_taxonomy_id,VARCHAR2(255),PRODUCT,Product/Service Catalog,Data Table,No SCD,geo_taxonomy_id,service_sku_id,pk_geo_tax PRIMARY KEY (geo_taxonomy_id),Natural Key from source.
DIM_LOCATION,LOCATION,Geography & Zone,Dimension,SCD Type 1,location_key,N/A,NOT NULL (BQ non-enforced),N/A,No,"CLUSTER BY geo_type, regions",0 (No Expiration),service_sku_id,STRING,Existing,service_sku_id,Geo_Taxonomy_Table,service_sku_id,VARCHAR2(255),PRODUCT,Product/Service Catalog,Data Table,No SCD,geo_taxonomy_id,service_sku_id,fk_geo_tax_sku FOREIGN KEY (service_sku_id) REFERENCES Service_SKU_Table (service_sku_id),SKU ID associated with the geo rule.
DIM_LOCATION,LOCATION,Geography & Zone,Dimension,SCD Type 1,location_key,N/A,NULL (BQ non-enforced),N/A,No,"CLUSTER BY geo_type, regions",0 (No Expiration),geo_type,STRING,Existing,geo_type,Geo_Taxonomy_Table,geo_type,VARCHAR2(50),PRODUCT,Product/Service Catalog,Data Table,No SCD,geo_taxonomy_id,service_sku_id,N/A,"Type of geographic area (e.g., Global, Region)."
DIM_LOCATION,LOCATION,Geography & Zone,Dimension,SCD Type 1,location_key,N/A,NULL (BQ non-enforced),N/A,No,"CLUSTER BY geo_type, regions",0 (No Expiration),regions,STRING,Existing,regions,Geo_Taxonomy_Table,regions,VARCHAR2(1024),PRODUCT,Product/Service Catalog,Data Table,No SCD,geo_taxonomy_id,service_sku_id,N/A,Comma separated or single region.
DIM_DATE,REFERENCE,Time & Calendar,Reference Table,No SCD,DATE_KEY,N/A,NOT NULL (BQ non-enforced),N/A,No,CLUSTER BY DATE_KEY,0 (No Expiration),DATE_KEY,INT64,NEW,ETL GENERATED (YYYYMMDD from date parts),N/A,N/A,N/A,REFERENCE,Time & Calendar,Reference Table,No SCD,N/A,N/A,N/A,Primary Key. Integer representation of date (YYYYMMDD).
DIM_DATE,REFERENCE,Time & Calendar,Reference Table,No SCD,DATE_KEY,N/A,NULL (BQ non-enforced),N/A,No,CLUSTER BY DATE_KEY,0 (No Expiration),full_date,DATE,NEW,ETL GENERATED,N/A,N/A,N/A,REFERENCE,Time & Calendar,Reference Table,No SCD,N/A,N/A,N/A,Standard DATE type.
DIM_DATE,REFERENCE,Time & Calendar,Reference Table,No SCD,DATE_KEY,N/A,NULL (BQ non-enforced),N/A,No,CLUSTER BY DATE_KEY,0 (No Expiration),day_of_week,STRING,NEW,ETL GENERATED,N/A,N/A,N/A,REFERENCE,Time & Calendar,Reference Table,No SCD,N/A,N/A,N/A,Day of the week name.
DIM_DATE,REFERENCE,Time & Calendar,Reference Table,No SCD,DATE_KEY,N/A,NULL (BQ non-enforced),N/A,No,CLUSTER BY DATE_KEY,0 (No Expiration),month_name,STRING,NEW,ETL GENERATED,N/A,N/A,N/A,REFERENCE,Time & Calendar,Reference Table,No SCD,N/A,N/A,N/A,Month name.
DIM_DATE,REFERENCE,Time & Calendar,Reference Table,No SCD,DATE_KEY,N/A,NULL (BQ non-enforced),N/A,No,CLUSTER BY DATE_KEY,0 (No Expiration),calendar_year,INT64,NEW,ETL GENERATED,N/A,N/A,N/A,REFERENCE,Time & Calendar,Reference Table,No SCD,N/A,N/A,N/A,Calendar year.
DIM_TIME,REFERENCE,Time & Calendar,Reference Table,No SCD,TIME_KEY,N/A,NOT NULL (BQ non-enforced),N/A,No,CLUSTER BY TIME_KEY,0 (No Expiration),TIME_KEY,INT64,NEW,ETL GENERATED (HHMM from time parts),N/A,N/A,N/A,REFERENCE,Time & Calendar,Reference Table,No SCD,N/A,N/A,N/A,Primary Key. Integer representation of time (HHMM).
DIM_TIME,REFERENCE,Time & Calendar,Reference Table,No SCD,TIME_KEY,N/A,NULL (BQ non-enforced),N/A,No,CLUSTER BY TIME_KEY,0 (No Expiration),time_of_day,TIME,NEW,ETL GENERATED,N/A,N/A,N/A,REFERENCE,Time & Calendar,Reference Table,No SCD,N/A,N/A,N/A,Standard TIME type.
DIM_TIME,REFERENCE,Time & Calendar,Reference Table,No SCD,TIME_KEY,N/A,NULL (BQ non-enforced),N/A,No,CLUSTER BY TIME_KEY,0 (No Expiration),hour_24,INT64,NEW,ETL GENERATED,N/A,N/A,N/A,REFERENCE,Time & Calendar,Reference Table,No SCD,N/A,N/A,N/A,Hour in 24-hour format.
DIM_TIME,REFERENCE,Time & Calendar,Reference Table,No SCD,TIME_KEY,N/A,NULL (BQ non-enforced),N/A,No,CLUSTER BY TIME_KEY,0 (No Expiration),minute_15_interval,INT64,NEW,ETL GENERATED,N/A,N/A,N/A,REFERENCE,Time & Calendar,Reference Table,No SCD,N/A,N/A,N/A,15-minute interval index.
DIM_INVOICE,BILLING,Invoice Metadata,Reference Table,No SCD,invoice_sk,N/A,NOT NULL (BQ non-enforced),N/A,No,CLUSTER BY invoice_month,0 (No Expiration),invoice_sk,STRING,NEW,TO_HEX(SHA256(Billing_Transaction_Ledger_Table.invoice_month)),Billing_Transaction_Ledger_Table,invoice_month,VARCHAR2(6),COST/USAGE,Usage Line Item,Data Table,No SCD,billing_trans_ledger_sk,"project_id, service_sku_id, resource_id",N/A,Surrogate key for the invoice month.
DIM_INVOICE,BILLING,Invoice Metadata,Reference Table,No SCD,invoice_sk,N/A,NOT NULL (BQ non-enforced),N/A,No,CLUSTER BY invoice_month,0 (No Expiration),invoice_month,STRING,Existing,invoice_month,Billing_Transaction_Ledger_Table,invoice_month,VARCHAR2(6),COST/USAGE,Usage Line Item,Data Table,No SCD,billing_trans_ledger_sk,"project_id, service_sku_id, resource_id",N/A,Natural Key for the invoice (YYYYMM).
DIM_INVOICE,BILLING,Invoice Metadata,Reference Table,No SCD,invoice_sk,N/A,NULL (BQ non-enforced),N/A,No,CLUSTER BY invoice_month,0 (No Expiration),seller_name,STRING,NEW,MAX(seller_name) GROUP BY invoice_month,Billing_Transaction_Ledger_Table,seller_name,VARCHAR2(255),COST/USAGE,Usage Line Item,Data Table,No SCD,billing_trans_ledger_sk,"project_id, service_sku_id, resource_id",N/A,Seller name from the first transaction in the month. (Assumed aggregation for a single value per invoice_month).
DIM_INVOICE,BILLING,Invoice Metadata,Reference Table,No SCD,invoice_sk,N/A,NOT NULL (BQ non-enforced),N/A,No,CLUSTER BY invoice_month,0 (No Expiration),currency,STRING,NEW,MAX(currency) GROUP BY invoice_month,Billing_Transaction_Ledger_Table,currency,VARCHAR2(10),COST/USAGE,Usage Line Item,Data Table,No SCD,billing_trans_ledger_sk,"project_id, service_sku_id, resource_id",N/A,Currency of the billing account for the month. (Assumed aggregation for a single value per invoice_month).
DIM_ORGANIZATION_HIERARCHY,ORGANIZATION,Organizational Hierarchy,Master Table,SCD Type 2,"org_hierarchy_key, scd_start_date",dim_organization.ORG_SK = dim_organization_hierarchy.org_sk (BQ non-enforced),NOT NULL (BQ non-enforced),PARTITION BY DATE(scd_start_date),No,"CLUSTER BY project_id, ancestor_resource_name",0 (No Expiration),org_hierarchy_key,STRING,NEW,"TO_HEX(SHA256(Project_Ancestor_Node_Table.project_id, Project_Ancestor_Node_Table.ancestor_resource_name, Project_Ancestor_Node_Table.ancestor_display_name))",Project_Ancestor_Node_Table,N/A,N/A,ORGANIZATION,Organizational Hierarchy,Data Table,SCD Type 2,project_ancestor_sk,project_id,N/A,Surrogate key for the flattened organization hierarchy.
DIM_ORGANIZATION_HIERARCHY,ORGANIZATION,Organizational Hierarchy,Master Table,SCD Type 2,"org_hierarchy_key, scd_start_date",N/A,NOT NULL (BQ non-enforced),PARTITION BY DATE(scd_start_date),No,"CLUSTER BY project_id, ancestor_resource_name",0 (No Expiration),org_sk,STRING,NEW,TO_HEX(SHA256(Project_Ancestor_Node_Table.project_id)),Project_Ancestor_Node_Table,project_id,VARCHAR2(255),ORGANIZATION,Organizational Hierarchy,Data Table,SCD Type 2,project_ancestor_sk,project_id,N/A,Foreign Key to DIM_ORGANIZATION.
DIM_ORGANIZATION_HIERARCHY,ORGANIZATION,Organizational Hierarchy,Master Table,SCD Type 2,"org_hierarchy_key, scd_start_date",N/A,NOT NULL (BQ non-enforced),PARTITION BY DATE(scd_start_date),No,"CLUSTER BY project_id, ancestor_resource_name",0 (No Expiration),project_id,STRING,Existing,project_id,Project_Ancestor_Node_Table,project_id,VARCHAR2(255),ORGANIZATION,Organizational Hierarchy,Data Table,SCD Type 2,project_ancestor_sk,project_id,fk_anc_proj FOREIGN KEY (project_id) REFERENCES Project_Profile_Table (project_id),Natural Key to relate to project.
DIM_ORGANIZATION_HIERARCHY,ORGANIZATION,Organizational Hierarchy,Master Table,SCD Type 2,"org_hierarchy_key, scd_start_date",N/A,NULL (BQ non-enforced),PARTITION BY DATE(scd_start_date),No,"CLUSTER BY project_id, ancestor_resource_name",0 (No Expiration),ancestor_resource_name,STRING,Existing,ancestor_resource_name,Project_Ancestor_Node_Table,ancestor_resource_name,VARCHAR2(255),ORGANIZATION,Organizational Hierarchy,Data Table,SCD Type 2,project_ancestor_sk,project_id,N/A,"e.g., folders/12345."
DIM_ORGANIZATION_HIERARCHY,ORGANIZATION,Organizational Hierarchy,Master Table,SCD Type 2,"org_hierarchy_key, scd_start_date",N/A,NULL (BQ non-enforced),PARTITION BY DATE(scd_start_date),No,"CLUSTER BY project_id, ancestor_resource_name",0 (No Expiration),ancestor_display_name,STRING,Existing,ancestor_display_name,Project_Ancestor_Node_Table,ancestor_display_name,VARCHAR2(255),ORGANIZATION,Organizational Hierarchy,Data Table,SCD Type 2,project_ancestor_sk,project_id,N/A,"""e.g., """"Production Folder""""."""
DIM_ORGANIZATION_HIERARCHY,ORGANIZATION,Organizational Hierarchy,Master Table,SCD Type 2,"org_hierarchy_key, scd_start_date",N/A,NOT NULL (BQ non-enforced),PARTITION BY DATE(scd_start_date),No,"CLUSTER BY project_id, ancestor_resource_name",0 (No Expiration),scd_start_date,TIMESTAMP,NEW,CURRENT_TIMESTAMP(),N/A,N/A,N/A,N/A,N/A,N/A,N/A,N/A,N/A,N/A,SCD Type 2 Tracking: Effective start date of the record.
DIM_ORGANIZATION_HIERARCHY,ORGANIZATION,Organizational Hierarchy,Master Table,SCD Type 2,"org_hierarchy_key, scd_start_date",N/A,NOT NULL (BQ non-enforced),PARTITION BY DATE(scd_start_date),No,"CLUSTER BY project_id, ancestor_resource_name",0 (No Expiration),scd_end_date,TIMESTAMP,NEW,'9999-12-31',N/A,N/A,N/A,N/A,N/A,N/A,N/A,N/A,N/A,N/A,SCD Type 2 Tracking: Effective end date of the record.
DIM_ORGANIZATION_HIERARCHY,ORGANIZATION,Organizational Hierarchy,Master Table,SCD Type 2,"org_hierarchy_key, scd_start_date",N/A,NOT NULL (BQ non-enforced),PARTITION BY DATE(scd_start_date),No,"CLUSTER BY project_id, ancestor_resource_name",0 (No Expiration),scd_current_flag,STRING,NEW,'Y',N/A,N/A,N/A,N/A,N/A,N/A,N/A,N/A,N/A,N/A,SCD Type 2 Tracking: Flag for the currently active record ('Y'/'N').
