DIM_PRICING_CONTRACT,PRICING,Contract/Discount Model,Dimension,SCD Type 2,"pricing_contract_sk, scd_start_date","dim_date.DATE_KEY, dim_time.TIME_KEY",NOT NULL (BQ non-enforced),PARTITION BY DATE(scd_start_date),No,"CLUSTER BY billing_account_price_id, consumption_model_id",0 (No Expiration),pricing_contract_sk,STRING,NEW,"TO_HEX(SHA256(Account_SKU_Price_Rule.billing_account_price_id, Consumption_Model_Rule_Table.consumption_model_id_sk))","Account_SKU_Price_Rule, Consumption_Model_Rule_Table",,,PRICING,Pricing Rule Header,Master Table,SCD Type 2,billing_account_price_id,-,,Surrogate key for the pricing contract.,,
DIM_PRICING_CONTRACT,PRICING,Contract/Discount Model,Dimension,SCD Type 2,"pricing_contract_sk, scd_start_date",,NOT NULL (BQ non-enforced),PARTITION BY DATE(scd_start_date),No,"CLUSTER BY billing_account_price_id, consumption_model_id",0 (No Expiration),billing_account_price_id,STRING,Existing,billing_account_price_id,Account_SKU_Price_Rule,billing_account_price_id,VARCHAR2(255),PRICING,Pricing Rule Header,Master Table,SCD Type 2,billing_account_price_id,-,pk_acct_sku_price PRIMARY KEY (billing_account_price_id),Natural key for the price rule header.,,
DIM_PRICING_CONTRACT,PRICING,Contract/Discount Model,Dimension,SCD Type 2,"pricing_contract_sk, scd_start_date",,NULL (BQ non-enforced),PARTITION BY DATE(scd_start_date),No,"CLUSTER BY billing_account_price_id, consumption_model_id",0 (No Expiration),billing_account_id,STRING,Existing,billing_account_id,Account_SKU_Price_Rule,billing_account_id,VARCHAR2(255),PRICING,Pricing Rule Header,Master Table,SCD Type 2,billing_account_price_id,-,,Billing account ID.,,
DIM_PRICING_CONTRACT,PRICING,Contract/Discount Model,Dimension,SCD Type 2,"pricing_contract_sk, scd_start_date",,NULL (BQ non-enforced),PARTITION BY DATE(scd_start_date),No,"CLUSTER BY billing_account_price_id, consumption_model_id",0 (No Expiration),sku_id,STRING,Existing,sku_id,Account_SKU_Price_Rule,sku_id,VARCHAR2(255),PRICING,Pricing Rule Header,Master Table,SCD Type 2,billing_account_price_id,-,,SKU ID associated with the price rule.,,
DIM_PRICING_CONTRACT,PRICING,Contract/Discount Model,Dimension,SCD Type 2,"pricing_contract_sk, scd_start_date",,NULL (BQ non-enforced),PARTITION BY DATE(scd_start_date),No,"CLUSTER BY billing_account_price_id, consumption_model_id",0 (No Expiration),pricing_as_of_time,TIMESTAMP,Existing,pricing_as_of_time,Account_SKU_Price_Rule,pricing_as_of_time,TIMESTAMP,PRICING,Pricing Rule Header,Master Table,SCD Type 2,billing_account_price_id,-,,Effective time of the pricing.,,
DIM_PRICING_CONTRACT,PRICING,Contract/Discount Model,Dimension,SCD Type 2,"pricing_contract_sk, scd_start_date",,NULL (BQ non-enforced),PARTITION BY DATE(scd_start_date),No,"CLUSTER BY billing_account_price_id, consumption_model_id",0 (No Expiration),currency_conversion_rate,BIGNUMERIC,Existing,currency_conversion_rate,Account_SKU_Price_Rule,currency_conversion_rate,"NUMBER(20,9)",PRICING,Pricing Rule Header,Master Table,SCD Type 2,billing_account_price_id,-,,Currency conversion rate. BQ prefers BIGNUMERIC.,,
DIM_PRICING_CONTRACT,PRICING,Contract/Discount Model,Dimension,SCD Type 2,"pricing_contract_sk, scd_start_date",,NULL (BQ non-enforced),PARTITION BY DATE(scd_start_date),No,"CLUSTER BY billing_account_price_id, consumption_model_id",0 (No Expiration),account_currency_code,STRING,Existing,account_currency_code,Account_SKU_Price_Rule,account_currency_code,VARCHAR2(10),PRICING,Pricing Rule Header,Master Table,SCD Type 2,billing_account_price_id,-,,Account currency code.,,
DIM_PRICING_CONTRACT,PRICING,Contract/Discount Model,Dimension,SCD Type 2,"pricing_contract_sk, scd_start_date",,NULL (BQ non-enforced),PARTITION BY DATE(scd_start_date),No,"CLUSTER BY billing_account_price_id, consumption_model_id",0 (No Expiration),price_reason,STRING,Existing,price_reason,Account_SKU_Price_Rule,price_reason,VARCHAR2(50),PRICING,Pricing Rule Header,Master Table,SCD Type 2,billing_account_price_id,-,,Reason for the price.,,
DIM_PRICING_CONTRACT,PRICING,Contract/Discount Model,Dimension,SCD Type 2,"pricing_contract_sk, scd_start_date",,NULL (BQ non-enforced),PARTITION BY DATE(scd_start_date),No,"CLUSTER BY billing_account_price_id, consumption_model_id",0 (No Expiration),discount_percent,BIGNUMERIC,Existing,discount_percent,Account_SKU_Price_Rule,discount_percent,"NUMBER(5,4)",PRICING,Pricing Rule Header,Master Table,SCD Type 2,billing_account_price_id,-,,Discount percentage. BQ prefers BIGNUMERIC.,,
DIM_PRICING_CONTRACT,PRICING,Contract/Discount Model,Dimension,SCD Type 2,"pricing_contract_sk, scd_start_date",,NULL (BQ non-enforced),PARTITION BY DATE(scd_start_date),No,"CLUSTER BY billing_account_price_id, consumption_model_id",0 (No Expiration),discount_percent_fixed_date,DATE,Existing,discount_percent_fixed_date,Account_SKU_Price_Rule,discount_percent_fixed_date,DATE,PRICING,Pricing Rule Header,Master Table,SCD Type 2,billing_account_price_id,-,,Fixed date for discount percentage.,,
DIM_PRICING_CONTRACT,PRICING,Contract/Discount Model,Dimension,SCD Type 2,"pricing_contract_sk, scd_start_date",,NULL (BQ non-enforced),PARTITION BY DATE(scd_start_date),No,"CLUSTER BY billing_account_price_id, consumption_model_id",0 (No Expiration),aggregation_level,STRING,Existing,aggregation_level,Account_SKU_Price_Rule,aggregation_level,VARCHAR2(50),PRICING,Pricing Rule Header,Master Table,SCD Type 2,billing_account_price_id,-,,Aggregation level for the price rule.,,
DIM_PRICING_CONTRACT,PRICING,Contract/Discount Model,Dimension,SCD Type 2,"pricing_contract_sk, scd_start_date",,NULL (BQ non-enforced),PARTITION BY DATE(scd_start_date),No,"CLUSTER BY billing_account_price_id, consumption_model_id",0 (No Expiration),aggregation_interval,STRING,Existing,aggregation_interval,Account_SKU_Price_Rule,aggregation_interval,VARCHAR2(50),PRICING,Pricing Rule Header,Master Table,SCD Type 2,billing_account_price_id,-,,Aggregation interval for the price rule.,,
DIM_PRICING_CONTRACT,PRICING,Contract/Discount Model,Dimension,SCD Type 2,"pricing_contract_sk, scd_start_date",,NOT NULL (BQ non-enforced),PARTITION BY DATE(scd_start_date),No,"CLUSTER BY billing_account_price_id, consumption_model_id",0 (No Expiration),consumption_model_id_sk,STRING,Existing,consumption_model_id_sk,Consumption_Model_Rule_Table,consumption_model_id_sk,VARCHAR2(255),PRICING,Contract/Discount Model,Master Table,SCD Type 2,consumption_model_id_sk,-,pk_consump_model PRIMARY KEY (consumption_model_id_sk),Natural key for consumption model rule.,,
DIM_PRICING_CONTRACT,PRICING,Contract/Discount Model,Dimension,SCD Type 2,"pricing_contract_sk, scd_start_date",,NULL (BQ non-enforced),PARTITION BY DATE(scd_start_date),No,"CLUSTER BY billing_account_price_id, consumption_model_id",0 (No Expiration),consumption_model_id,STRING,Existing,consumption_model_id,Consumption_Model_Rule_Table,consumption_model_id,VARCHAR2(255),PRICING,Contract/Discount Model,Master Table,SCD Type 2,consumption_model_id_sk,-,,Consumption model ID.,,
DIM_PRICING_CONTRACT,PRICING,Contract/Discount Model,Dimension,SCD Type 2,"pricing_contract_sk, scd_start_date",,NULL (BQ non-enforced),PARTITION BY DATE(scd_start_date),No,"CLUSTER BY billing_account_price_id, consumption_model_id",0 (No Expiration),model_display_name,STRING,Existing,model_display_name,Consumption_Model_Rule_Table,model_display_name,VARCHAR2(255),PRICING,Contract/Discount Model,Master Table,SCD Type 2,consumption_model_id_sk,-,,Display name of the consumption model.,,
DIM_PRICING_CONTRACT,PRICING,Contract/Discount Model,Dimension,SCD Type 2,"pricing_contract_sk, scd_start_date",,NULL (BQ non-enforced),PARTITION BY DATE(scd_start_date),No,"CLUSTER BY billing_account_price_id, consumption_model_id",0 (No Expiration),model_description,STRING,Existing,model_description,Consumption_Model_Rule_Table,model_description,VARCHAR2(1024),PRICING,Contract/Discount Model,Master Table,SCD Type 2,consumption_model_id_sk,-,,Description of the consumption model.,,
DIM_PRICING_CONTRACT,PRICING,Contract/Discount Model,Dimension,SCD Type 2,"pricing_contract_sk, scd_start_date",,NULL (BQ non-enforced),PARTITION BY DATE(scd_start_date),No,"CLUSTER BY billing_account_price_id, consumption_model_id",0 (No Expiration),consumption_model_price_reason,STRING,NEW,Consumption_Model_Rule_Table.price_reason,Consumption_Model_Rule_Table,price_reason,VARCHAR2(50),PRICING,Contract/Discount Model,Master Table,SCD Type 2,consumption_model_id_sk,-,,Price reason for the consumption model. Renamed to avoid collision with Account_SKU_Price_Rule.price_reason.,,
DIM_PRICING_CONTRACT,PRICING,Contract/Discount Model,Dimension,SCD Type 2,"pricing_contract_sk, scd_start_date",,NOT NULL (BQ non-enforced),PARTITION BY DATE(scd_start_date),No,"CLUSTER BY billing_account_price_id, consumption_model_id",0 (No Expiration),scd_start_date,TIMESTAMP,NEW,CURRENT_TIMESTAMP(),,,,,,,,,,,SCD Type 2 Tracking: Effective start date of the record.,,
DIM_PRICING_CONTRACT,PRICING,Contract/Discount Model,Dimension,SCD Type 2,"pricing_contract_sk, scd_start_date",,NOT NULL (BQ non-enforced),PARTITION BY DATE(scd_start_date),No,"CLUSTER BY billing_account_price_id, consumption_model_id",0 (No Expiration),scd_end_date,TIMESTAMP,NEW,'9999-12-31',,,,,,,,,,,SCD Type 2 Tracking: Effective end date of the record.,,
DIM_PRICING_CONTRACT,PRICING,Contract/Discount Model,Dimension,SCD Type 2,"pricing_contract_sk, scd_start_date",,NOT NULL (BQ non-enforced),PARTITION BY DATE(scd_start_date),No,"CLUSTER BY billing_account_price_id, consumption_model_id",0 (No Expiration),scd_current_flag,STRING,NEW,'Y',,,,,,,,,,,SCD Type 2 Tracking: Flag for the currently active record ('Y'/'N').,,
